Number,Title,Author,banHao,Date,Download,Links,Contents,Keywords
19,保持不动摇不放松，就一定能战胜疫情,陈华;,1,2022-04-11,119,https://kns.cnki.net/kcms2/article/abstract?v=wgPKIBh6aVnwZjjzeVG35tnHRvlA-4xcDmrWhdvTsg8YKBcJPKZtcIssNf_Kj7Gg65r_NIk2N4Fln6iwJ8RAUyTmRSXwmwQ1waxo3n0ehA5UV5CNBI3_KZ2TFb3ByF4v&uniplatform=NZKPT,"坚持无症状感染者、轻症患者集中隔离。推进“动态清零”，就是要把社区的感染者全部找出来
上海人民的素质、对防控措施的理解、高度的责任感让人充分赞赏 相信解封时刻会在不久后到来
昨天下午，国家卫生健康委新冠肺炎疫情应对处置工作领导小组专家组组长，清华大学万科公共卫生与健康学院常务副院长、教授梁万年在上海就现阶段上海防疫抗疫形势、“动态清零”目标实现、上海面临的挑战等各方关注的热点，接受媒体集体采访。
梁万年表示，现在我们已经把感染者指数式快速上涨的势头有效遏制了，但也必须深刻地认识到，上海每日报告的感染者数量仍在高位，疫情形势仍然是严峻复杂的，绝不可掉以轻心。
集中隔离在当前形势下是必要的
梁万年表示，坚持无症状感染者、轻症患者集中隔离，这是由我国“外防输入、内防反弹”的总策略、“动态清零”的总方针决定的。推进“动态清零”，就是要把社区的感染者全部找出来，然后实行集中隔离管理、给予相应的治疗。对此，要明确：第一，奥密克戎毒株传播快，如果无症状感染者和轻症患者在家隔离，就可能对家人造成续发性感染，导致广泛传播、“动态清零”时间拉长，短时间就不能达到社会面清零的目标。第二，从全球流行情况看，科学研究显示，无症状感染者和轻症患者同样有传染性。第三，居家隔离需要条件，要保证家庭具备相应的隔离条件，同时监控感染者病程的发展。老年人等脆弱人员如果居家隔离，对他们病情的发展就可能无法做到及时监控和发现，也无法及时救治。
梁万年强调，奥密克戎毒株主要是通过呼吸道传播，但国内外众多研究显示，也可以通过直接接触传播。
如果无症状感染者和轻症患者在家庭隔离，下水道、通风系统等设施设备始终存在传播风险。上海人口密度大，还有很多塔楼、城中村，一些家庭共用卫生间、共用厨房，流动人口也多，假设当中出现无症状感染者和轻症患者，通过接触又会形成快速传播，形成防不胜防的态势。当然，婴幼儿、老人、残疾人等特殊人群，有的确实无法实现集中隔离，对此要由专业机构和专业人员来判断，保证其居家隔离具备相应的防护条件、能够实现连续的病情追踪管理。集中隔离是为了保障老百姓的健康和生命安全的需要，在当前的形势下，仍是必要的。
连续报告感染者多是因为主动筛查
梁万年表示，上海已经连续多天报告的感染者数量过万。主要原因包括：一是上海市全市进行抗原检测和核酸检测，通过主动应对，把以前没有发现的感染者找出来了。二是上海市疫情存在广泛的社区传播，必须靠主动筛查才能发现，如果没有这一步，将会造成感染者数量指数级的上升。每天报告的数字说明全域静态管理和筛查发挥了作用，也说明现在上海市疫情处在胶着的高位平台区。我们要认识到，感染者、密切接触者的发现和隔离治疗，是需要时间的，有一个逐渐发现、管理、切断传播链条的过程。现在，上海处于把疫情“围住、捞干”的阶段，扎实做好各项防控举措，坚持就是胜利。
解封有条件，要保证传播链被切断
梁万年表示，上海市当前实行全域静态管理。解封从概念上，就是解除全域静态管理。解封包括多个层次，有的是城市面的解封，有的是以社区、街道为单位解封，不同层面的解封条件和情况不一样。我们看到，上海市委市政府已经按照国家有关的防控标准和规范来研究解封的事情。当社区一个个解封后，城市面就解封了。
梁万年强调，解封有条件和标准，要保证传播链被切断、没有持续传播，新发现的感染者都在视野当中，而不是主动就医发现或视野外出现的。相信在党中央的坚强领导下，在上海市委市政府的统一指挥部署下，通过各行各业、各条战线的积极努力，特别是上海市老百姓的广泛参与，解封时刻会在不久后到来。
梁万年认为，从疫情防控的角度来看，解决堵点、难点、重点的问题，关键要做好以下几方面工作。第一，快速地把传染源也就是感染者筛查出来，快速转运到定点医院接受治疗，如果没有快速转运、治疗，那么传染源就还在社区，必定会造成持续的传播。第二，通过精准的流行病学调查把密切接触者、次密切接触者找出来，快速转运到相应的隔离点。第三，坚定信心，坚持“外防输入、内防反弹”的总策略、“动态清零”的总方针不动摇，抓好各项既定的策略和措施执行，保证四方责任真正落地，也就是属地、部门、单位、个人形成合力抗疫。
特别关注老年人群、儿童等疫情防控
对上海市疫情防控今后可能出现的风险和挑战，梁万年表示，抗疫是个系统工程、重大工程，坚定迈向“动态清零”的目标，第一，如何真正实现“床等人”，对诊断出来、筛查出来的感染者，不论是方舱还是定点医院，都要有足够的床位收治，防止出现“人等床”。同理，要全面、准确识别密切接触者、次密切接触者，不能出现漏掉的情况，漏掉就是留下了火星、留下了传播的风险，在识别出来后，实现隔离点的“床等人”。
第二，现在上海的传播主要是家庭内传播，但是上海有很多的大型企业、工厂人数特别多，这些企业又是保证城市正常运行、经济社会运转所需，对此必须要强化闭环管理，强化各项防控措施的落实。万一有闪失，一旦出现传染源的引入，就可能形成局部的疫情暴发。同样，把学校、养老院、儿童福利院、精神病院等机构作为重中之重加以防守，要严防死守，要切实地制定好各种预案，要把各项防控措施真正落地，实行闭环管理。
第三，要特别关注老年人群、儿童、患有基础疾病人员的疫情防控。上海60岁以上人群的比例是比较高的，绝对数也大，对此无论是政府、相关部门还是老百姓，必须要深刻认识到紧迫性，制定各种办法，如进一步强化疫苗接种，尤其是提高全程疫苗接种率，防止感染，降低重症率和死亡率，有效的疫苗接种可以有90%以上的效率来防止重症和死亡。
第四，关注保障上海城市正常运行的人员，比如水电气维修保障人员、快递小哥、交通运输行业人员、公安干警、医务人员等，社会接触面广，对他们一定要加强管理，措施应该细之又细、强化再强化，落实责任确保这些人群不被感染，一旦感染能够快速发现。确保2500万人的医疗卫生需求始终是重点工作，我们看到，上海市委市政府已经采取一系列有效的措施保障老百姓正常的医疗卫生需求供给，关键是怎么快速有效落地，这也是个挑战。同时，也要确保儿童免疫规划、妇幼卫生保健等工作按照程序和要求执行。
上海人民素质和责任感让人充分赞赏
最后，上海当前也面临着外防输入的挑战，作为国际性大都市，每天都有许多境外航班进来，外防输入的工作就不能放松，始终要坚持人物同防。
梁万年表示，面对风险和挑战，每个区域、每个单位都应该认真梳理，切实采取措施，落实责任，做好预案，落实好各项疫情的防控措施。上海是有能力来应对这些挑战的。从专家的角度，一直感受到上海人民有高度的利他主义精神，上海人民的素质、对防控措施的理解、高度的责任感，让人充分赞赏。上海的医疗卫生系统和其他部门，所展现的专业水平和敬业精神，也是非常值得学习和称赞。上海的城市管理能力，不管是在城市层面，还是在社区治理层面，都有良好的基础和条件。我们共同的敌人是病毒，我们较量的是新冠肺炎这个疾病，只要大家思想高度统一，统一到“动态清零”的总方针下，保持不动摇、不放松，就一定能够战胜疫情。
",感染者; 总方针; 上海市; 密切接触者; 轻症患者;
14,长三角高速货运 疫情下如何畅行,陈抒怡;,6,2022-04-13,215,https://kns.cnki.net/kcms2/article/abstract?v=wgPKIBh6aVnwZjjzeVG35tnHRvlA-4xcDmrWhdvTsg8YKBcJPKZtcIssNf_Kj7GgBRIAn77hqxB87QSMLD2cInHX9KqB-Az8fwnQDKIrtPSbDs5Ljth5Yfqi-29Ep7so&uniplatform=NZKPT,"4月7日的交通运输部物流保障协调工作机制会议强调，要建立统一格式、全国互认、办理便捷的通行证制度，确保通行证全国通行，还要依法依规制定通行管控措施，不得层层加码、一刀切，确保通行管控政策统一
4月7日，交通运输部召开物流保障协调工作机制会议，研究部署做好货运物流保通保畅工作。会议指出，长三角等部分涉疫地区物流运行不畅问题较为突出，必须采取更加切实有效措施，着力打通堵点卡点，保证全国物流运行顺畅，加强货车司机服务保障。
记者采访发现，近期长三角确实有城市因为疫情防控的原因临时关闭了部分高速公路出入口。而且，即便在一些正常开放的高速公路口，也存在货运物流不通畅的情况，部分高速公路口大排长龙，大量货车司机因行程码带星或是外地车牌，一时无法下高速，影响运输效率。
货运就像一个跷跷板的支点，一头连着疫情防控，一头连着市场保供，两头不可偏废。在疫情防控和经济社会发展之间，长三角各地正寻找一种新的平衡。
通行证难题
“前段时间，我们的货车司机，最长有七八天时间被滞留在高速公路上”，江苏速通物流有限公司助理总经理王彦伟说，现在，货车司机们上路要带着“三件套”，即健康码、行程卡和48小时核酸报告，可是，到了各公路检查点，大概率还需要通行证，通行证通常当天有效。
有段时间，王彦伟忙于申请各种通行证：“有的城市，必须要有单票单件收件单位才能申请通行证，我们一车里装有几百个客户的票件，没法申请；有的城市，只接收客货司机去当地工厂送货的申请，如果没有这个前提，也没法申请……”
最近，宁波物流协会副会长、99路集卡互联网平台负责人梁三博每天睡眠时间都不到5小时。宁波北仑已有多名货车司机被确诊为新冠阳性，梁三博通过线上的朋友圈和微信群，为货车司机的疫情防控奔走疾呼，在他的朋友圈里，可以查到宁波疫情最新进展以及高速进出口疫情防控的最新要求。除了通行证之外，有些地方还要求司机出示当地的各种“码”，而且“码”和“码”之间未必同步。梁三博接到一些司机反馈：不知道为什么出去一次，回来就变成黄码、红码了。
据长三角地区一体化发展决策咨询专家、中国科学院南京地理与湖泊研究所研究员陈雯分析，长三角存在物流障碍是因为物流管理按照的仍然是“日常管理”模式，没有及时调整到“突发公共安全”物流模式，从而造成了矛盾。同时，部分货车司机缺乏严格的防疫措施和自律管理，跨省运输随意下车造成沿线城市的疫情风险，反过来也导致各地管理措施越来越严格，这些都对疫情期间的刚性物资流动需求产生非常大的影响。陈雯提醒，一些城市在货运管理上主要依靠发放通行证，一事一议发放暂时通行证，大量中小企业拿到通行证难上加难，企业生存雪上加霜。
情况正改善
但情况正在改善。交通运输部物流保障协调工作机制会议强调，要建立统一格式、全国互认、办理便捷的通行证制度，确保通行证全国通行，还要依法依规制定通行管控措施，不得层层加码、一刀切，确保通行管控政策统一。
相关部门已经意识到了这些问题。针对宁波舟山港等沿海港口物流链受阻的问题，4月8日，浙江发出特急通知要求统筹疫情防控和保障港口集装箱运输畅通，并给合规的集卡车发放全省有效的通行证，作为全省道路通行和进港作业的凭证。通知要求，集卡车司机近3天内2次核酸检测阴性、14天内未到过中高风险地区且“健康码”为绿码的，由浙江省海港集团对集卡车发放电子版“海港集团防疫通行证”，作为全省道路通行和进港作业的凭证。4月9日，梁三博在朋友圈转发了这条信息，不过，仍有司机反映，去了一趟某城市，健康码就变黄了。相关配套政策出台落实，还需要时间。
疫情影响下的苏州，物流情况也正在好转。上个月，苏州工业园区航港物流有限公司董事长、总经理吴雪瑾还有些担心物流问题，现在她乐观了不少：“经过调研，园区大部分企业的生产没有耽误。”吴雪瑾说这句话的底气一方面来自上海空港、上海港的运作效率已经恢复，另一方面，经过摸索，园区内已经形成了一套较为成熟的货运管理措施。“货车出发前，我们会通知司乘人员签署并上传手机定位信息授权书，在一网通办平台申领电子版货物运输临时通行证；货车到达厂区时，门岗会检查门贴的完整性；货车进入厂区后，将按要求停至装有视频监控的单独停车区域装卸货；货车完成装卸后，厂方将派人护送货运车辆至下一作业场所或就近高速公路入口驶离园区，并在引导结束时拍照上传。”吴雪瑾解释。同时，苏州工业园区也将目光转至水运，园区至洋山港的“水水中转”航线已经开通，这使得一批原来陆运的货物改走更为通畅的水路。
在微信朋友圈里，梁三博又发了一条消息：病毒一次次在考验我们的底线，任何时候都不应该丢了自己的信心，乐观向上是人应有的天性!
",货运管理; 交通运输部; 物流保障; 长三角; 疫情防控; 货车司机;
320,发扬英模精神，助力打赢大上海保卫战,邬林桦;,1,2022-05-27,41,https://kns.cnki.net/kcms2/article/abstract?v=wgPKIBh6aVk43TNgO9PB8QmO75OYtMTZNx3w6xkORKMLNrAFN-IfQFvvGayTQ406r6GPpp2ij3gN6XF_cCYeZckpY675yzYtnnoH5xi7U5Hn-e0IL47b98DihwFa7hzK&uniplatform=NZKPT,"奋战抗疫一线，筑牢防控屏障；剑指违法犯罪，守护一方平安；深化“放管服”，用心为民解忧……党的十九大以来，上海公安机关深入贯彻习近平总书记系列重要讲话精神，忠实践行“对党忠诚、服务人民、执法公正、纪律严明”总要求，以风险防控“一平台、三体系”为路径构建新型现代警务机制，从严从细落实战疫情、助攻坚、防风险、保安全、护稳定各项措施，为城市经济社会发展提供有力保障。
筑牢疫情防控屏障
“我高血压的药没了，药送不进来怎么办？”
“家里老人要去医院看病，能帮忙送一下吗？”
“我要去单位值班，需要哪些证明？”
……
此轮疫情中，徐汇公安分局社区民警王瑞芳每天都会接到老百姓的各种求助。王瑞芳所负责的南丹南村从3月底开始实行管控，辖区内有5000多名居民，其中80岁以上的就有400多人。疫情防控任务重，百姓民生需求多，最难的时候，小区居委书记和主任都被隔离，王瑞芳主动扛起居委的工作任务，坚守防疫一线。
“有事找他，准能帮忙解决!”居民陈阿姨说，“管控期间，很多看似不起眼的小事儿，都是群众的急事难事，老王都处理得特别好。”
跟王瑞芳一样，面对困难而繁琐的疫情防控任务，上海公安6万余名民警辅警全警动员、全力以赴。他们深入社区里弄、隔离点和方舱医院，组建起1100余支社区帮困先锋队，为封控小区居民协调保障药物，为留守独居老人保障生活必需品，为危急病患和孕产妇开通生命绿色通道，截至目前共上门走访排查23万余次，解决实际困难8万多起。
特殊时期，有人囤积居奇、哄抬物价，也有人利用保供名义实施诈骗。对此，上海公安机关启动“砺剑3号”专项行动，严厉打击哄抬物价、涉疫诈骗等突出违法犯罪，守护市民群众切身利益。警方还部署警力全面查堵违规上路的无证骑手，救助安置在沪滞留人员。目前，累计查处无电子通行证骑手1900余人，发现安置滞留人员1.1万余人。
在市境道口，上海公安按照“逢厢必开、逢人必检”，严格核查离沪车辆驾乘人员核酸、抗原及离沪证明，查处车辆夹带无关人员等行为。随着复工复产有序推进，公安交警部门进一步增派警力保障物流通畅，助力恢复正常的生产生活秩序。
构建新型现代警务机制
日前，张先生收到一封名为“疫情补贴申报”的邮件，内含一个二维码，提示扫码自助办理。民警知悉后立即上门进行劝阻，并通过警民微信群提醒辖区居民提高警惕。
在传统犯罪活动得到有效遏制的同时，电信网络诈骗等新型非接触类犯罪活动日益成为市民安全的主要威胁。上海公安机关以构建综合情报研判平台为牵引，打造主动防范体系、应急处置体系和精准打击整治体系，不断提升发现力、防范力、处置力、打击力、服务力。
各类金融要素集聚的上海，一旦发生系统性金融风险，影响不可小觑。近年来，上海公安机关紧盯非法集资等重大风险型经济犯罪和侵犯知识产权犯罪，及时侦查打击。2021年以来，上海警方共侦破各类经济犯罪5600余起，有力维护了良好营商环境。
依托社区警务融入基层治理的优势条件，上海公安部门以社区民警兼任居（村）委副书记为抓手，统筹组织社区辖区居民、保安员、楼组长、平安志愿者等可依靠力量，实现及早发现尽早处置各类小风险、小隐患，共同营造良好的基层安全环境。
2021年，上海市违法犯罪案件接报数同比下降19.9%，命案、抢案保持全破，入室、入民宅盗窃破案率达96%以上，电信网络诈骗案件实现了既遂数和立案数、破案数和抓获数“两降两升”，道路交通事故死亡人数同比下降13.7%。
深化公安“放管服”改革
“这项政策真是太方便了。”去年11月23日，在上海工作的浙江户籍居民徐先生仅用3分钟，就在杨浦公安分局大桥派出所为新出生的女儿成功申请了长三角区域跨省（市）新生儿入户业务。得益于长三角区域警务一体化发展不断深入，目前，跨省（市）新生儿入户、大中专学生毕业户口迁移等20项高频跨区域的民生事项已实现跨区域办理，给生活在上海的外地户籍群众带来了实实在在的便利，也方便了人才跨区域合作交流。
户籍管理能否更加人性化？驾照年检能否更加便利？上海公安机关持续深化公安“放管服”改革，在全国率先试行证件照片“一次采集、多次复用”，推出居住登记、非机动车注册登记等40项“好办、快办”服务，联合长三角职能部门推出20余项公安业务跨省通办，截至目前累计将公安294个事项接入上海“一网通办”总门户和“随申办”App及微信、支付宝小程序。
疫情期间，上海公安机关分批推出交通、人口、治安、出入境等领域的40余条便民举措，提供“足不出户”全程网办或放宽期限、容缺审批等服务。相关政策已惠及145万市民和1100余家企业。
上海公安机关表示，将以习近平总书记系列重要讲话精神为指引，引导全警学习发扬公安英模精神，坚持以人民为中心理念，紧紧围绕当前疫情防控清零攻坚重点任务再聚焦、再发力，助力打赢大上海保卫战，为上海城市繁荣复苏保驾护航，以更加强烈的使命担当和历史主动精神奋进新征程、建功新时代，决不辜负党和人民的期望和重托，以实际行动迎接党的二十大胜利召开。
",社区民警; 现代警务; 疫情防控; 公安机关; 习近平总书记; 公安分局; 保卫战; 哄抬物价; 长三角区域;
319,复工复产人员可以通过公交通勤,顾泳;,2,2022-05-27,10,https://kns.cnki.net/kcms2/article/abstract?v=wgPKIBh6aVk43TNgO9PB8QmO75OYtMTZNx3w6xkORKMLNrAFN-IfQFvvGayTQ406ifDjwpht_zfUDMnS3F9-YhT7klqc0f6js_YB6-DERNRR0-GoYVdrEmoq2lFOVbWH&uniplatform=NZKPT,"昨天举行的市新冠肺炎疫情防控工作新闻发布会传出消息，综合考虑疫情防控形势、学校复学前的准备工作进展，以及考生线下学习的必要时间等因素，经慎重研究并报市疫情防控领导小组同意，全市高三、高二年级学生从6月6日，初三年级学生从6月13日起返校复学。
中小学其他各年级学生继续居家在线学习至学期结束，学校可在学期结束前安排一次学生返校活动（包括为小学五年级学生举行毕业典礼等）；幼儿园、托儿所、托育机构等不再安排返园。居家照护确有困难家庭的学生，可自6月6日起申请到校到园，由学校和园所提供相关服务。因为情况特别，对这次高三、高二和初三同学返校复学不做强制要求，考生和考生家长可以选择返校复学，也可以选择居家线上复习。
高考中考设专用考试方舱和应急考场
市教委副主任杨振峰介绍，返校复学后如何保障学生安全，市区正联手开展工作。按照规范完成校园消杀，确保校园的安全干净。配备专门的核酸采样和检测力量。实施校园网格化管理。万一发生零星感染，可以按照网格来采取管控措施，以缩小影响的范围。学校对于选择住宿的学生，实施半封闭管理（周中住校、周末回家），学校会全力做好学生学习和生活保障。做好返校师生健康管理。复学后，师生每天都需要接受“两测两检”，即：到校前做一次抗原检测、离校前完成一次核酸采样，每天在校接受两次体温检测。
加强校园防疫资源和物资储备。落实学生关爱措施。返校后核酸检测异常的学生，将被及时转运至市级统一的东方绿舟师生医学观察点，并安排优秀师资为这些孩子开展线上辅导。返校复学后密接的学生，将被及时转运至各区准备好的专用隔离场所，经疫控部门同意，家长可以申请陪读陪护，同时安排优秀师资为他们开展线上辅导。
市教委已设置高考中考专用考试方舱和应急考场，分别为感染新冠的考生和密接考生提供服务保障，确保做到“应考尽考”。
至于义务教育阶段小学一年级至初中二年级，本学期不再组织统一的期末考试，学校可结合学生作业、线上学习状况及线上活动表现等情况，对学生进行综合评价。
48小时核酸报告时间以采样时间起算
5月25日，上海新增48例新冠肺炎本土确诊病例和290例本土无症状感染者。48例本土确诊病例中，17例在闭环隔离管控中发现，31例为无症状感染者转归确诊病例。290例本土无症状感染者均在闭环隔离管控中发现。5月25日，本市新增1例本土死亡病例。25日报告的嘉定区1例无症状感染者的密接、次密接以及相关人员的第二次核酸检测结果均为阴性。
根据筛查结果，25日，金山区所有封控区、管控区都已解除，目前全部区域为防范区。
上海逐步复工复产了，部分市民反映小区门难出。上海市卫生健康委副主任赵丹丹介绍，5月22日到31日期间，复工复产相关疫情防控工作主要涉及几个方面。人员管理方面，企业要实施闭环管理，无疫情风险的企业与居住地点间实施两点一线通行；有疫情风险的企业或社区推进点式复工。以上都要扫描“场所码”或“数字哨兵”，以便企业及时掌握出入人员健康状况。对于来自管控区、封控区等地区的返岗人员和新上岗人员，要实施2—3天闭环管理。同时，根据市域交通恢复情况，复工复产工作人员可以通过公共交通方式通勤。
核酸及抗原检测方面，企业要按照所在属地要求频次，开展核酸筛查，并每日加做1次全员抗原检测；与社会面接触的企业员工，每日进行1次核酸检测。大型工厂每日进行1次抗原检测，每2日开展1次核酸检测。
市卫健委同时明确：目前本市市民核酸检测报告时间以采样时间起算，市民可以通过随申办App中“疫苗&核酸”界面查询到自己的采样时间，可查询到自己身边的常态化核酸检测点，就近开展核酸检测。
",核酸检测; 感染者; 疫情防控; 确诊病例; 闭环管理; 无症状; 疫情风险;
318,加快经济恢复全力稳住经济大盘,孟群舒;,1,2022-05-27,3,https://kns.cnki.net/kcms2/article/abstract?v=wgPKIBh6aVk43TNgO9PB8QmO75OYtMTZNx3w6xkORKMLNrAFN-IfQFvvGayTQ4066NQAwvEdAxyOLaPSQmmqV0G6w0CkraZAo6mYLlFWC_uDm4Iev4EV8wSbkAtpUVr3&uniplatform=NZKPT,"本报讯（记者 孟群舒）市委副书记、市长龚正昨天走访先进制造业企业，实地调研复工复产情况。龚正指出，要深入贯彻习近平总书记重要讲话和指示批示精神，落实全国稳住经济大盘电视电话会议要求，在市委坚强领导下，高效统筹疫情防控和经济社会发展，切实加快经济恢复重振步伐，以刻不容缓的紧迫感，抢抓时间窗口，加强政策供给，强化预期引导，为稳增长和保市场主体作出更大努力。
下午，龚正一行来到华虹集团，察看企业最新产品，详细了解企业抗疫情、抓生产举措。负责人说，在上海实施封控管理前，华虹6000多员工赶回厂区，确保生产线运行安全稳定，经营情况稳中有进。龚正为疫情中企业员工团结一心、共克时艰的企业文化点赞，叮嘱企业关心好员工生活，强化发现、处突、管控和自我健康管理“四个机制”，继续提升技术创新能力，扩大成熟工艺产线产能，为经济发展多作贡献。上海良信电器公司是上海制造业百强企业。龚正实地察看公司复工复产情况，了解企业产能、上下游产业链供应链等情况。企业负责人说，企业目前产能达到70%，将全力以赴追赶进度，争取实现全年既定目标。龚正鼓励企业做好疫情防控和复工达产两手抓，完善预案、做好备份，为常态化防控多做探索。政府部门要简化复工复产流程，园区管理机构要承担起推动复工复产的重要作用，各方共同努力，形成推动市场主体增强信心、恢复活力的合力。
龚正指出，要抓紧做好疫情扫尾工作，牢牢守住防止疫情反弹的底线，全力稳住经济大盘，推动复工复产、复商复市。要坚持问题导向，抓紧出台一批管用好用的政策措施，落实各项纾困惠企政策，发挥积极的财政政策作用，提升复工率达产率。要深化“放管服”改革，用市场化办法和改革举措破解难题，释放市场主体活力和积极性，增强经营者、投资者和消费者的信心。要紧密结合中长期战略规划，切实发挥好政策对推动产业结构转型升级的引导作用，增强产业链供应链的竞争力和韧性。
",疫情防控;
317,助企纾困，加快恢复经济社会发展活力,NA;,1,2022-05-27,3,https://kns.cnki.net/kcms2/article/abstract?v=wgPKIBh6aVk43TNgO9PB8QmO75OYtMTZNx3w6xkORKMLNrAFN-IfQFvvGayTQ406K71ANUYsG-txOkPbEKFdmlNPGnCqh5WsilAqy02My7_OsnKKfoMpXmHbbXMdXuPm&uniplatform=NZKPT,"以政策的确定性应对不确定性，精准帮扶企业达产，全力支持企业发展，更好帮助企业稳信心、稳预期
加大走访力度，优化企业服务，简化操作流程，加快解决反映集中突出问题，更好满足各类企业不同发展需求
本报讯 市委书记李强昨天在上海自贸试验区临港新片区检查疫情防控和复工复产情况时指出，要深入贯彻落实习近平总书记重要讲话和指示批示精神，毫不动摇坚持“动态清零”总方针，把“疫情要防住、经济要稳住、发展要安全”各项要求细致扎实落到位，综合施策、分类施策、精准施策，以更加有力、更具针对性的政策供给和优质服务助企纾困，更好稳预期、强信心、促发展，加快恢复经济社会发展活力，奋力夺取大上海保卫战的胜利。
在严格落实疫情防控各项措施前提下，临港新片区正加快推动复工复产，一批重点企业生产水平持续提升，一批科技产业项目有序恢复建设。李强来到上海中船三井造船柴油机有限公司检查，在国内最大的船用大功率低速发动机生产车间听取企业复工复产和自主研发情况介绍，详细了解员工个人防护、封闭生产管理以及产业链供应链恢复进展，关切询问当前生产经营还有哪些问题需要解决，对克服困难、坚守岗位的一线干部职工表示慰问和感谢。企业负责人表示，将绷紧安全之弦不放松，争分夺秒赶时间抢进度、确保完成全年目标任务。李强指出，疫情防控和复工复产要两手抓、两手硬，压实“四方责任”，把已经明确的防控措施不折不扣落到实处，确保防控安全、生产安全。要深入排摸企业痛点难点堵点，加强政策供给，加大扶持力度，推动实现人财物有序流动，精准帮扶企业复产达产，更好稳定产业链、打通供应链。
随后，市领导来到瑞庭时代（上海）新能源科技有限公司检查。该公司自四月中旬复工复产以来，产能已迅速恢复到疫情前水平。李强走进生产车间，察看疫情防控措施落实和“场所码”“数字哨兵”等配置情况，就新能源汽车动力电池系统、储能系统的研发、生产和销售作具体了解，仔细询问当前企业在上下游产业链供应链维护上还有哪些困难。李强指出，要坚持分类指导、清单管理，以政策的确定性应对不确定性，精准帮扶企业达产，全力支持企业发展，更好帮助企业稳信心、稳预期。要坚持务求实效，强化问题导向、需求导向、效果导向，加大走访力度，优化企业服务，简化操作流程，加快解决反映集中的突出问题，更好满足各类企业不同发展需求，为城市经济运行恢复正常奠定坚实基础。
市领导诸葛宇杰、陈金山参加检查。
",经济社会发展; 疫情防控; 不确定性; 操作流程;
316,在“控得住”前提下加快经济恢复重振,NA;,1,2022-05-28,2,https://kns.cnki.net/kcms2/article/abstract?v=wgPKIBh6aVk43TNgO9PB8QmO75OYtMTZNx3w6xkORKMLNrAFN-IfQFvvGayTQ4065qKe_jJ69V7aczqLj6tYNd1OOl0v6IJClKw8gJNaSoLjWT-bEEDDCmL3ozMx0d5X&uniplatform=NZKPT,"发扬“店小二”精神
各层各级领导干部要主动关心企业、服务企业，发扬“店小二”精神，深入基层一线，倾听企业呼声，帮助企业排忧解难。要支持企业加快复工复产，要送政策上门，要加大联系走访企业力度
本报讯 市委常委会昨晚举行会议，深入学习贯彻习近平总书记关于疫情防控工作的重要讲话和指示批示精神，研究部署我市复工复产和加快经济恢复有关工作。市委书记李强主持会议并讲话。
会议指出，要深入贯彻落实习近平总书记重要讲话和指示批示精神，毫不动摇坚持“动态清零”总方针，坚决打赢大上海保卫战，更加有力、更加高效地统筹疫情防控和经济社会发展，全力做到疫情要防住、经济要稳住、发展要安全。
会议指出，坚持疫情防控和经济社会发展两手抓、两手硬、两手赢，把握好“控”和“放”的平衡，在“控得住”前提下有序放开社会流动，加快经济恢复和重振。要按照国务院有关会议部署，全力稳住我市经济基本盘。充分发挥政策效应，加快解决企业痛点、打通复苏堵点、攻克发展难点。聚焦保市场主体，综合运用各种财政、金融手段，打好纾困帮扶组合拳。聚焦重点领域，在促进消费、扩大投资、稳定外贸等方面下功夫，加快推动相关政策落地生效。聚焦扩大就业，加大援企稳岗力度，国有企业、公共卫生领域、基层社区、“五个新城”等要大力吸纳高校毕业生就业。
会议强调，各层各级领导干部要主动关心企业、服务企业，发扬“店小二”精神，深入基层一线，倾听企业呼声，帮助企业排忧解难。要支持企业加快复工复产，相关部门、产业园区和属地街镇要形成合力。要送政策上门，有针对性地进行政策辅导、解释政策流程、推动政策直达，更好稳定企业信心和预期。要加大联系走访企业力度，综合运用线上线下多种方式服务好企业。
",疫情防控; 经济恢复; 习近平总书记;
315,展现积极姿态 迅速扭转预期,孟群舒;,1,2022-05-28,2,https://kns.cnki.net/kcms2/article/abstract?v=wgPKIBh6aVk43TNgO9PB8QmO75OYtMTZNx3w6xkORKMLNrAFN-IfQFvvGayTQ40621asqKgyEFHCxcD5MXAuLNDjlrRXGxbRBEHvtIis4mg-xQHdAavvUvr9JxheN08F&uniplatform=NZKPT,"本报讯（记者 孟群舒）市委副书记、市长龚正昨天主持召开市政府常务会议，要求深入贯彻习近平总书记重要讲话和指示批示精神，按照全国稳住经济大盘电视电话会议部署，在市委坚强领导下，高效统筹上海疫情防控和经济社会发展。
会议指出，当前全市疫情防控工作已进入向常态化转换的阶段，要统筹抓好常态化疫情防控和经济恢复重振各项工作，确保城市运行安全平稳有序。要提高站位、强化担当，充分认识做好当前各项工作的艰巨性和极端重要性，将加快复工复产、推动经济社会恢复重振作为下阶段的核心工作，务求疫情防控和经济发展“两手抓”“两手硬”。
会议指出，要聚焦重点、压实责任，走稳走实应急处置向常态化防控转换之路。要努力做到“管得住”“放得开”，在充分总结经验的基础上，加强常态化疫情防控下的制度建设，在实战中不断优化完善“四个机制”，满足经济社会恢复重振的需要。要强化数据赋能，加快完善“随申办”功能，探索推出“多码合一”并确保安全和平稳运行。
要进一步加快有序复工复产复市，在扎实细致防控、严防反弹基础上，逐步扩大企业、市场的恢复范围。
会议强调，要前瞻谋划、强本固基，更好统筹下阶段疫情防控和经济社会发展。一方面，对于疫情本身，要有精准预判和完备预案。另一方面，要下大力气推动经济恢复重振，找准新的增长点、发力点。要深入贯彻落实全国稳住经济大盘电视电话会议精神，逐条对照国务院33条稳经济措施，加快制订出台推动经济恢复重振的有力措施，发挥财政、金融、科技、产业、就业等政策作用，推动减税降费、租金减免等各项惠企措施落到实处。要加快推进重大活动和重大工程，展现积极姿态、迅速扭转预期，彰显上海坚定不移发展经济、扩大开放、追求卓越的信心和决心。要继续打造一流营商环境，探索更多疫情下的政府服务创新模式，打造更多“一站式”“一窗式”服务及“一件事一次办”等标杆应用，切实为企业松绑减负，激发活力动力。
会议还研究了其他事项。
",疫情防控;
313,真正做到更有效“控”更主动“放”,NA;,1,2022-05-28,2,https://kns.cnki.net/kcms2/article/abstract?v=wgPKIBh6aVk43TNgO9PB8QmO75OYtMTZNx3w6xkORKMLNrAFN-IfQFvvGayTQ406mvBEeuHhypUlnYLJugzcJgnwTdV5yW5iu2e7n_GZ30RBt8GZSAweTEuVSaxeB9U0&uniplatform=NZKPT,"大力提升基层治理能力和水平，加强专业培训，完善激励机制，形成常态化防控的基层常备力量，提高社区防控信息化智能化水平
强化责任意识、自律意识，人人当好个人防护第一责任人，切实做到从“要我防”到“我要防”，把防控网织得更密更牢
本报讯 市委书记李强昨天在崇明区检查疫情防控和复工复产、复商复市情况时指出，要深入贯彻落实习近平总书记重要讲话和指示批示精神，毫不动摇坚持“动态清零”总方针，着眼“控得住”“放得开”，深入细致地开展好全方位压力测试，真正做到更加有效地“控”、更加主动地“放”，为探索形成超大城市常态化防控新机制作出更大贡献。
李强来到崇明城区，察看路面交通秩序和街面商超、银行网点恢复开放情况，在八一路步行街检查复商复市工作，了解沿街商铺、商业网点等落实疫情防控措施、恢复线下运营情况，察看“场所码”“数字哨兵”在公共场所的配置使用，并听取崇明区相关工作汇报。李强指出，当前正处于向常态化防控转换的关键时期，崇明要进一步加大压力测试，在探索形成常态化防控新机制上下更大功夫。进一步压实“四方责任”，充分调动个人、家庭、各类市场主体和社会主体的积极性主动性，筑牢疫情防控的坚固防线。要大力提升基层治理能力和水平，加强专业培训，完善激励机制，形成常态化防控的基层常备力量，提高社区防控信息化智能化水平。要加大制度供给，加强防疫指导，动员更多单位创建无疫企业、无疫商场、无疫楼宇，真正担负起守好门、管好人的防控责任。要强化责任意识、自律意识，人人当好个人防护第一责任人，切实做到从“要我防”到“我要防”，把防控网织得更密更牢。
位于崇明区港沿镇惠军村的千亩小麦田、水稻田里，上海齐茂粮食专业合作社的农民们正驾驶收割机、插秧机在田间忙碌。李强来到田头，察看小麦收割、水稻播种情况，听取农业生产单位疫情防控和复工复产情况介绍。负责人告诉市领导，受疫情影响，春耕备耕曾一度面临人手及农机紧张，在区镇两级和农业农村部门支持下，从业人员及时返岗、封闭式管理，确保不误农时。李强关切询问当前还有什么困难需要解决，叮嘱区里和相关部门要及时跟进排摸，认真梳理农业生产单位反映集中的突出问题，在指导做好疫情防控各项工作的前提下，确保人员和机具畅通无阻、农资运输配送高效有序，全力保障好城市“米袋子”“菜篮子”。要做深做透绿色生态农业这篇大文章，加快推动品种培优、品质提升、品牌打造和标准化生产，为市民餐桌提供高品质的绿色农副产品，以产业兴旺带动农民增收、实现生活富裕。
",疫情防控; 社区防控; 常态化; 自律意识; 个人防护; 智能化水平; 激励机制;
314,用为民情怀，做好“送上门”的群众工作,毛锦伟;栗思;郑朕;唐乙隽;,2,2022-05-28,66,https://kns.cnki.net/kcms2/article/abstract?v=wgPKIBh6aVk43TNgO9PB8QmO75OYtMTZNx3w6xkORKMLNrAFN-IfQFvvGayTQ4062hcmHcenvVFP0G2kj3EU3GWoPDJQ-NcKV0c0yBlXxu8Dln8CCtkRt_DZ_4SZboAK&uniplatform=NZKPT,"“不好意思，我正在组织居民进行核酸筛查，结束后给您回电。”5月25日上午10时，嘈杂声中，一个浑厚沉稳的男声从电话那头传来。4月以来，石泉路街道信访办主任徐科兵带领科室的同志深入社区一线，与居委会一起完成入户登记、核酸筛查及物资转运等工作。13时，记者再次致电时，徐科兵刚刚吃过午餐，空饭盒还没来得及扔。之后，他还要赶去处理这几天转来的信访案件……
上海本轮疫情以来，全市信访干部迅速响应，冲向抗疫一线。他们及时收集群众抗疫“金点子”，积极帮助群众解决“急难愁”，并主动支援社区一线的各项防疫工作。支撑他们的，是信访干部身上勇于担当、迎难而上的精气神，是平日里敢于冲向“第一信号”的自觉。
凭借着这股精神，近年来，上海数千名信访干部守望一线，了解民情、集中民智、维护民利、凝聚民心，千方百计为市民排忧解难，为人民城市建设添砖加瓦，也涌现出了一批模范典型。在日前举行的全国第九次信访工作会议上，本市3位信访干部和4个信访集体荣获全国先进。
将心比心 和群众以心换心
嘉定区江桥镇信访办主任唐月华从4月4日起就奋战在密接转运一线，如今，她终于可以喘口气了。江桥镇此前已连续5天实现阳性病例零新增，“不再需要每天20个小时连轴转。”提起转运工作，唐月华如数家珍，她说最多的一天曾转运了500多人，但比人数更大的挑战在于如何妥善安排成为密接的老人和孩子。“将心比心”，这是唐月华给出的应对办法：尽量考虑他们的需求，安排亲属一同隔离照料。
处理信访事项，同样需要“将心比心”。江桥镇地处上海城乡接合部，人口密度大、人员结构复杂，加之发展较快，矛盾凸显，信访总量大，各类历史积案也较多，如何做到“件件有着落、事事有回音”，很考验信访干部的能力。2020年9月，国家信访局给江桥镇转派了一批重复信访积案，要求集中治理化解。唐月华带着信访干部们经过近两年的“攻坚”，至今已化解其中的41件。其中，老荆（化名）的故事令唐月华印象深刻。
老荆常年上访，近20年来几乎每周都要到江桥镇信访办上访，为家中几十年前被拆的134平方米祖宅索要巨额补偿。12年前，唐月华刚踏上信访工作岗位，面对老荆的诉求，她拿出了此前就已出具过的“复查意见书”“复核意见书”等，但于事无补。她又请来了律师、法官上门给老荆分析政策讲道理，依然未能奏效。
法律是严肃的，但人心是温暖的。在与老荆的长期接触中，唐月华发现他更多的时候是在倾吐情绪，“于是，我索性将老荆当成爷爷看待，陪他聊天。”2018年，当听说老荆因不断信访和两个儿子关系不好，同住在一起很不开心时，她主动协调沟通，帮老荆落实了租赁保障房。去年，听说90岁高龄的老荆日常需要人照料，她又主动联系他的两个儿子，轮番劝说他们打开心结，陪伴赡养父亲……“也许是量变产生了质变”，2021年，老荆主动提出愿意接受政策允许的补偿方案，这起信访案件就此画上了句号。
将心比心、以心换心，唐月华就这样将信访工作做到了群众的心里。
直面矛盾 关键得到群众中去
“信访办作为连接党和群众的桥梁，在关键时候，更应该到人民群众中去。”在短短40分钟的交谈里，石泉路街道信访办主任徐科兵用一句话，总结了自己多年的信访接待岁月。在他看来，做好信访工作不仅要善待群众的“信任之访”，让群众感受到党和政府的温度，更要采取有效方法，以实际行动推动问题解决。
徐科兵从部队转业至普陀区石泉路街道信访办后没多久，就遇到了多年信访的裘阿姨（化名）。十几年前，裘阿姨在一次邻里纠纷中受了伤，医院的验伤结果引发了她的不满。“其实医院的验伤结果没有问题，但长时间的投诉，让裘阿姨心结难以消解。”徐科兵注意到，裘阿姨早已离异，孩子不在身边，他便不时上门看望，陪她谈心聊天，帮忙配药买药……裘阿姨看在眼里，记在心里，并最终决定接受化解方案。“我们不但要化解矛盾，还要时刻将关怀人民群众谨记在心。”
在石泉路街道，旧改征收信访矛盾较多，这给街道的安全稳定带来了极大压力。“针对施工过程中产生的噪音、扬尘等切实影响到群众的问题，我们会及时搭建沟通平台，邀请居民代表、开发商、律师、人民调解员等通过对话沟通化解矛盾。”几年来，徐科兵为群众搭建沟通对话平台30余次，化解矛盾僵局10余次。在处理几起投资受损的信访矛盾过程中，他还主动邀请第三方律师释疑解惑，引导群众通过司法途径解决矛盾。
今年疫情以来，徐科兵也将工作做到了防控一线。他留意到未归属至居委会管辖的群众面临的现实困境，主动担负起没有居委会的动迁安置小区的疫情防控任务，每天入户调查及电话联系300余户居民；他十分关心沿街商铺封控巡查及建筑工地的核酸检测任务，力争将筛查不断做细。
争取群众理解，牢牢抓住“群众满意度”这个根本不放松，是徐科兵一直以来的坚守。
法治思维，让信“访”变信“法”
疫情期间，本市也有一批信访干部默默坚守岗位，浦东新区信访办九级职员孙晓青就是其中之一。从3月中旬至今，她已在复查复核岗位上值守两个多月。
复查复核是群众信访工作的“第二道工序”。百姓对于信访答复不满意时，诉求就转交到孙晓青手中。浦东新区信访矛盾多发且复杂，近5年，经她手的复查业务量年均在300件左右，涉及部门、领域很广，要掌握的政策内容很多，既要做到公正合理，又要让群众“事心双解”并不简单。因此，入职11年来，她对自己的要求很高，一有机会就学习、研究、沟通、了解。
本市垃圾分类刚施行不久时，一份棘手的信访复查件曾被转交到孙晓青的手上。当时，浦东新区凌兆集贸市场为减少裸露的垃圾对周边环境产生的影响，改建了封闭的垃圾箱房。然而，在与市场一墙之隔的小区内，紧邻垃圾箱房的一部分居民信访不断，他们质疑垃圾箱房的规划许可，希望将其拆除或另选位置。对于他们的要求，街道就垃圾箱房的改建目的做了回复和解释，可居民们并不认可，坚持要求信访复查复核。
接件后，孙晓青了解到，垃圾箱房的改建的确未经过行政部门审批，并非合法建筑，可若简单照章办事，拆除垃圾箱房，市场就会恢复到以往脏乱差的状态。她更注意到，区内情况类似的集贸市场并非个例，经过资料收集、实地调查、内部商讨，并结合人民建议征集和市领导接待机制，孙晓青和同事们最终形成了分类式、分步式的推进方案，更为全市遇到同样矛盾的垃圾箱房的建设予以规范提供参考。“我觉得，能推动相关工作意见的出台，给基层提供政策支持，体现了这个案子的意义。”
此外，孙晓青还尝试引入律师顾问机制，为复查复核工作“保驾护航”。目前，律师参与办件的总数已逾800件。孙晓青骄傲地说，近5年，她经手的复查件没有一件被撤销。
把群众来信当家书认真读用心办
唐月华、徐科兵、孙晓青是上海信访干部群体的缩影。善于将心比心、敢于直面矛盾、创新运用法治思维……上海的信访干部们和他们所在的集体都在这么做。
纸信是最传统的信访方式，虽然网上信访成为主渠道，但上海市信访办每年仍会收到四五万件纸质来信。而坚持用书信表达诉求的，往往是老年人，以更多的耐心处理好这些来信，是办信处工作人员始终不变的坚守。办信处副处长黄学文说，他们把群众来信当成家书，认真读、用心办。办信处探索“上门办信”模式，对疑难复杂事项，上门面对面听取诉求，与职能部门肩并肩破解难题。为了解决胡同学因父母失联，无法完成转学问题，办信处会同区信访、教育、公安、检察机关，先后2次会商研究，并2次派员对接联系浙江、湖南省相关部门，赶在新学期开学前解决了转学矛盾。近年来，办信处共“上门办信”7000余件。对于部分老年人集中反映的生活中缴费难问题，办信处深入基层一线，充分调研，通过一则《关于生活缴费进一步优化服务 为老年人提供便利的建议》摘报，为不会使用智能手机的老年人解决了此类难题，推动类案批量解决。
上海市国有资产监督管理委员会直接监管的41家企业集团共有100余万名职工，信访工作量大面广、政策类矛盾多、历史遗留问题比较多、化解难度大。为了把各类矛盾化解在早、化解在小、化解在基层，国资委信访办一方面选聘熟悉政策制度、熟知国企历史、工作经验丰富的退休信访干部，组建“老娘舅”专家组，另一方面，还在基层企业探索建立“老娘舅”群众工作队伍，充分发挥职工身边思想骨干“人熟、事熟、理熟”的优势，努力做到“小事不出车间，大事不出基层企业，矛盾不上交”，使全系统信访总量、集访、重复信访连续4年保持20%左右的降幅。
善于融合社会力量则是松江区信访办和徐汇区信访办的“巧思”。松江区信访办在处理一件积案时，邀请松江知心大姐巾帼志愿服务社介入，运用女性的视角及社会工作者专业知识，有针对性地开展心理疏导和家庭治疗服务，用温情解决矛盾，终于打消了信访人的抵触情绪。徐汇区信访办主任陆春晖则告诉记者，第三方组织的参与使信访工作愈加细致、有针对性，“一方面，我们持续与律所合作，为协调化解矛盾提供专业的法律法规支持；另一方面，我们目前已有‘欧阳工作室’‘知心妈妈’‘滨江建设者之家’等项目，专门针对特定人群及特定事务开展工作。”
这一个个获表彰先进集体的背后，展现出的正是上海信访干部“对党忠诚可靠、恪守为民之责、善做群众工作”的群体形象。市信访办主任王剑华表示，要以习近平新时代中国特色社会主义思想为指导，深入学习贯彻习近平总书记关于加强和改进人民信访工作的重要指示精神，坚持党对信访工作的全面领导，坚持以人民为中心的发展思想，落实第九次全国信访工作会议精神，学习宣传贯彻《信访工作条例》，践行人民城市重要理念，忠诚履职尽责、锐意开拓进取，开创新时代上海信访工作高质量发展新局面，更好地把信访制度优势转化为社会治理效能。
",信访干部; 信访工作; 江桥镇;
311,保障供应，大型商超拿起数字化工具,俱鹤飞;,2,2022-05-28,1,https://kns.cnki.net/kcms2/article/abstract?v=wgPKIBh6aVmwaDqwbxNAJEg-gVYc96zaV-0XEPH3r9Z-55_cRfEfvjQbv2wFzS7CM1P3GQY8nzpUkuh8_6cTwCXjcdQnnh-aTBzl8PI5kDs_M3ozMyDx73ohu7ALzs0B&uniplatform=NZKPT,"家乐福古北店店长张瑞卿，已经在店里住了两个多月。这段时间，他的手机几乎24小时不离手，处理订单、回复信息，还有因手机号对外公布后接不完的电话。疫情期间，保供只能通过线上进行，不仅仅是家乐福，永辉、联华等大型超市都通过这场实战，找到了实用的数字化工具，解锁了新技能。
疫情期间，永辉生活App上线了一项特殊的功能，专门解决母婴、老年人等群体在疫情中的特别需求。上海市内，只要登录永辉生活App首页，点击“疫情特需”进行需求提报，永辉将匹配就近的门店服务特需顾客。该功能上线首日，永辉就收到近400个特殊订单，目前提供套餐数量已超过百万份。
疫情期间一直对接浦东三林等区域保供的联华超市，也尝到了数字化工具带来的甜头。相关负责人还原了对接流程：在开团前一天，联华负责人会在沟通群内预告次日上线套餐，团长转发至各小区团购群征集需求，预估订购数量。开团当日，联华利用拼购小程序生成购买链接，团长可为小区居民批量下单，也可转发至团购群由居民自行下单。联华相关负责人表示：“在整个集采集配的链路中，我们都是使用微信来实现无接触服务，不仅安全，也十分便利。”
疫情之前，家乐福已尝试通过微信群在线上触达消费者。张瑞卿介绍，家乐福基于门店建立了若干个微信社群，此次抗疫期间，周边街道、居委也一起与家乐福联系组织保供微信群，这些社群起到重要作用。“我们把现有的社群重新细分了一下，现在几乎已经可以做到每一个小区一个微信群。”
最近，家乐福古北店装上“数字哨兵”，恢复了线下运营。线下开始运转后，超市便进入“双线作战”模式。“从长远来看，我们还会继续把社群作为超市线下购物的一个补充，把数字化作为一个新兴的业务深度推进。”张瑞卿说。
",家乐福; 数字化工具; 张瑞卿;
312,上海三大船企力争把损失的进度抢回来,王力;,1,2022-05-28,6,https://kns.cnki.net/kcms2/article/abstract?v=wgPKIBh6aVk43TNgO9PB8QmO75OYtMTZNx3w6xkORKMLNrAFN-IfQFvvGayTQ406tDoezGWqIWrISd8_le1048X6sk9c8TwtNVzUhRXG3r40kjVdbEAoBFv1HfHNFcPm&uniplatform=NZKPT,"上海复工步伐不断加快。在船舶工业领域，从长兴岛到浦东新区，中国船舶集团旗下的上海三大船企（江南造船、沪东中华、外高桥造船）已全部实现复工，各个厂区内，大家铆足干劲全力奔跑，要把失去的时间追回来。
江南造船：提前布局按期交付
最先按下复工键的是江南造船，4月23日，这家百年船企就率先开启复工压力测试，并于5月16日交付一艘9.9万立方米B型舱超大型乙烷运输船。这也是今年3月以来上海船舶工业交付的第一艘船。
按期交付首船，离不开企业的提前筹划与布局，江南造船相关负责人告诉记者，在生产车间复工前，企业就有不少员工驻厂或居家办公，保持与船东、外包服务商、供应商等各方的联络沟通，并根据疫情防控和复工的要求，对施工项目计划进行重新编排，精细策划交船方案。比如在船舶调试环节，采取设备供应商实时视频连线指导、自主调试的“云调试”方案，完成了该船十余项重要设备系统的调试报验工作，避免了因专家无法来现场耽误项目的推进。种种努力都是为了复工后项目可以快速推进，避免耽误工期。
沪东中华：今年总体目标不变
沪东中华是第二家复工的船企，4月25日，公司率先在长兴造船基地实现复工；5月19日和5月26日，公司先后交付一艘1.3万吨多用途重吊船和一艘我国首款首制江海联运型8万立方米液化天然气（LNG）运输船。
“各区政府、街道都非常支持企业复工，只要满足要求，很快就能把员工从家里接到厂里。”沪东中华相关负责人告诉记者，目前，沪东中华浦东和长兴岛的三个厂区已全部复工，员工返岗率达到60%。
长时间在家，让职工有劲无处使，一返回岗位，大家都劲头十足，围绕重点产品，采用三班倒的机制，全力追赶进度。
据介绍，沪东中华今年计划交付20艘船，属于历史较高水平，虽然受到疫情影响，但今年总体目标不变。“希望通过二三季度的努力，把失去的时间追回来，只要疫情形势好转，我们完全有信心。”该负责人表示，为了确保生产进度，沪东中华严格执行各项疫情防控措施，要求返岗员工在指定区域静默2至3天，3次核酸检测结果阴性后方可复工，同时对员工采取两天一次核酸，一天一次抗原，并进行区域化管理，所有员工轨迹可数字化追踪。
此外，除了推动更多一线员工返回现场岗位外，沪东中华也采用让职能部门远程办公、居家办公的方式，进一步推动复工复产。
外高桥造船：三天实现八大节点
5月16日复工的外高桥造船是第三家复工的船企，劲头一点也不输前面两家。5月25日，公司单日完成三船开工、两船下坞五大生产节点。算上5月23日交付的一艘20.9万吨双燃料散货船，以及出坞的一艘21万吨散货船和一艘11.9万吨双燃料成品油轮，外高桥造船在3天内实现了八大生产节点，这距离企业复工还不足10天。
“生产线转起来了，物流也转起来了，虽然还没有到全速奔跑的状态，但我们已充分利用现有的条件，围绕重点项目小步快跑，争取全力以赴完成年度各项目标任务!”外高桥造船相关负责人表示。
外高桥造船工厂全部位于浦东新区，在等待复工的日子里，企业一刻都没有闲下来，积极为复工做好准备，并针对重点项目，筹划交船、出坞方案。
已经交付的20.9万吨双燃料散货船在3月末因疫情导致试航推迟，当时，项目组就及时动员相关人员驻厂驻船留守待命。5月4日，在中国船舶集团、上海市经信委、浦东新区科经委、高东镇政府等支持下，经浦东新区政府批准，该船在船厂复工之前先行进行试航。这也为复工后的快速交付创造了条件。
如今，距离第一家船企复工已满一个月，除了交付4艘新船外，上海地区三家船企已实现大节点16个，包括开工4艘、铺底3艘、出坞6艘、试航3艘。复工的加速度清晰可见。
记者了解到，近两年海运市场的火爆也带火了船舶工业，而上海的三大船企通过产品不断向高端转型，成为市场上最大的获益者之一，订单源源不断。因此，今年各大船厂的生产计划都排得满满的。目前，在中国船舶集团的统一部署下，上海三大船企都在与时间赛跑，在继续抓实抓细疫情防控措施的基础上，紧盯年度目标任务不放松，继续多措并举抓经营、促生产、保交付，奋力把疫情造成的损失、耽误的进度抢回来。
",江南造船; 船舶工业; 疫情防控; 双燃料;
310,苦战梦花街,茅冠隽;唐烨;,1,2022-05-29,10,https://kns.cnki.net/kcms2/article/abstract?v=wgPKIBh6aVmwaDqwbxNAJEg-gVYc96zaV-0XEPH3r9Z-55_cRfEfvjQbv2wFzS7C3O4tE4xha4F6xSlxoiKGzs_igCwMnzoKKqwp2bB692x7utI-e4cgEpfTRf33CRCT&uniplatform=NZKPT,"浦东看北蔡镇，浦西看梦花街”，这是上海疫情防控两块“硬骨头”。最严重时，梦花街区域阳性病例数占区域总人数的近五成。目前，在连续多日核酸筛查中，梦花街区域无新增阳性感染者
“你仔细看看，我们几个有啥相同的地方？”
黄浦区老西门街道，梦花街疫情防控指挥部内，街道纪工委书记吴以仑指着自己和身边几个男同事问记者。没等记者回答，他便公布了答案：“我们都是板寸，连头发长度都差不多。”
两个月前，这些板寸还是一个个光头——进驻指挥部之初，所有男士为了生活方便，把头发都剃光了。为此，指挥部得了个雅号：“零号指挥部”。
“清零”也是吴以仑他们的目标。他们与梦花街居民一起，顽强鏖战，持续推进，努力实现清零目标。
梦花街，一个充满诗意的名字，却是黄浦区乃至全市疫情拔点攻坚中公认的一块“硬骨头”。梦花街区域北至复兴东路、西至中华路、南至文庙路、东至河南南路，涉及文庙、曹家街、学宫与小桃园四个居民区，留存着700多年城市印记的文庙就在梦花街区域内。此轮疫情中，梦花街区域1.1万多名居民近半数人感染。
5月以来，梦花街区域每天新增阳性感染者数量出现明显向稳下降趋势。截至目前，在连续多日社区核酸筛查中，梦花街区域无新增阳性感染者。
这块“硬骨头”是怎么被啃下来的？
样本的困境
中心城区人口密度为每平方公里2万余人。在梦花街区域，这个数字是每平方公里6.3万人左右。这样的“密集”和“烟火气”，让梦花街防疫难度提升了好几个数量级
乐惠餐厅，山茶花烟酒行，怀旧堂旧货调剂……从中华路文庙路路口进入梦花街封控区域，左侧绿色隔离板内的店招店牌依然可见，老上海市井味从这些招牌中体现出来。街道右侧，一排排低矮、密集的房屋中，半掩的窗户内飘出油烟味——正是居民做饭的时候。
梦花街，一条典型的上海老城厢街道，历经百年变迁，掩映在周边鳞次栉比的高楼和车水马龙的宽阔马路中。对追忆老上海风情的人来说，梦花街是一个极好的观察样本；然而，在疫情期间，梦花街的建筑结构、居住特点，却成了横亘在防疫人员、基层工作人员面前的重重障碍。
“梦花街区域是上海目前留下来面积最大的老城厢，整个区域除了文庙，几乎全是二级以下旧里，是黄浦区疫情最重的一块区域。”老西门街道办事处主任阮俊告诉记者。
疫情防控的核心，是暂时阻断人与人之间的物理交流。然而，在梦花街，这种“暂时阻断”变得很难实现。
梦花街是“开放”的。这里大多是有上百年历史的木质结构房屋，房屋与房屋、墙壁与墙壁之间并不完全密封。每栋楼的楼底，下水道也是半开放、半裸露的沟槽式样。“楼上一户人家打个喷嚏，半个弄堂都能听见。”
梦花街是“密集”的。区域内共有6000多户、1.1万余人，主弄堂宽不到2米，支弄堂更是只有1米左右宽。一个门洞里往往住着十几户人家、几十个人，住户们共用厨房和卫生间，不少人家还在使用手提马桶。楼栋内不仅有一层楼、二层楼，还有一层半、二层半，结构极其复杂。
吴以仑带着记者往梦花街的生活区域里钻，踩上楼梯，脚下“吱呀”作响。一条条弄堂纵横交错，户与户、栋与栋之间距离很小。“夏天你家开着电风扇，我一开窗，凉风也能吹进来。你说，这要怎么防住病毒传播？”
这些年，黄浦区在梦花街区域投入不少。2018年，区里推进“梦花街区域环境综合整治”行动，整修道路、架空线落地，为居民修缮房屋、改造公共厨房，加装马桶工程也始终没停过。“居民的生活有改善，但架不住底子太薄，外部的修缮整治无法真正改变居民的生活环境。旧改，是唯一出路。”老西门街道党工委书记姚恒衡说。
事实上，梦花街区域是黄浦区今年推进旧改的重点区域，有多个小区在今年3月26日通过了二轮征询，旧改征收正式生效。但就在这当口，疫情来了。3月27日，梦花街区域实施了封闭管理。
上海人口密度为每平方公里近4000人，中心城区人口密度为每平方公里2万余人。在梦花街区域，这个数字是每平方公里6.3万人左右。这样的“密集”和“烟火气”，让梦花街防疫难度提升了好几个数量级。
本轮本土疫情发生之初，梦花街区域内疫情传播迅速。最严重时，阳性病例数占区域总人数的近五成。
“浦东看北蔡镇，浦西看梦花街”，这是上海疫情防控两块“硬骨头”。
“书记”的分量
绝大多数人50多天没有回过一次家。有人被感染后，发着高烧，在隔离点拿着电话、对着电脑配合社区对接转运工作，痊愈后又继续返回工作岗位
这场抗疫战中，在梦花街这个阵地上，战况异常惨烈。
4月，梦花街区域的社区干部、志愿者群体中出现了大量阳性病例。4个居民区书记中，除小桃园居民区书记陈建红外，学宫居民区书记吴炎翔、文庙居民区书记汪嘉梁和曹家街居民区书记周洁先后都“阳”过，许多居委干部、社工也“阳”了，战斗力减员一度非常严重。
“这里实在太难管了。我们感染了，那么多事儿怎么办？谁来干？要组织核酸采样，要发放生活物资，要安抚居民情绪，要安排人员转运……有段时间，我真的很崩溃、很沮丧，回到办公室，找没人的地方偷偷哭。”一位居委干部对记者坦言。
面对防疫困境和难题，面对基层干部的沮丧和焦虑，一支特殊的队伍迅速组建。
“庄董”，是黄浦资管公司党委书记、董事长庄卫勤的同事们对他的常用称呼。50多岁的他，在区属国企董事长的岗位上干了一年多。可是，今年4月以来，他的称呼，又变回了他熟悉的那个：庄书记。
3月底的一天，庄卫勤的手机响起，电话另一头是黄浦区委书记杲云：“卫勤，梦花街区域疫情形势严峻，那里情况你熟，区委想请你去负责指挥部。”
庄卫勤毫不犹豫地答应下来，成为梦花街疫情防控指挥部指挥长。之前，他曾在老西门街道当过多年党工委书记，梦花街的情况他了然于胸。
根据黄浦区委、区政府安排，从区属企业、机关单位中迅速抽调了15名党员干部，组成梦花街疫情防控指挥部，第一时间进驻梦花街现场指挥，其中不少人由庄卫勤“点将”。“我选人有个特点，最好是在老西门工作过的，可以迅速进入角色。”
此后，庄卫勤每天都是指挥部里睡得最晚、电话打得最多的人。“他每天都要凌晨两三点才睡。除了开会、在现场布置任务，平时看到他，十次里有九次他都在打电话——给上级打电话汇报情况，给居委书记打电话布置最新任务，给居民打电话解释各项工作手势……”吴以仑说。
其他驻点干部也非常拼命，绝大多数人50多天没有回过一次家。有人被感染后，发着高烧，在隔离点拿着电话、对着电脑配合社区对接转运工作，痊愈后又继续返回工作岗位。
吴以仑是首批进入梦花街区域的街道处级干部，在里面待的时间也最长。他有两个孩子，儿子今年中考，女儿读三年级，近两个月来他无暇照顾，只能全权委托爱人。他的父母家住浦东，老两口相继变“阳”、被转运至方舱医院，他也只能通过电话安慰父母。各种难，一言难尽……
转运的艰辛
每个参与“大转运”的人几乎都通宵达旦工作，包括社区干部、志愿者、调度员、司机、方舱和定点医院的工作人员等。这是一场急行军，我们必须跑赢时间、跑赢病毒
梦花街抗疫，最难的一项工作，是阳性病人、密接人员的转运、收治和隔离。一方面，梦花街区域内阳性病人数量多、占比大，转运压力不小，对基层动员、车辆协调、时间统筹都提出了极高要求。另一方面，梦花街区域内几乎都是二级以下旧里，不具备居家隔离的条件，为阻断传播链条，密接与次密接的转运范围也相应扩大。
“比如，除阳性感染者的同住人外，同一门牌号内使用公共厨卫的邻居、楼上楼下的邻居，都可能要被转运隔离。这极易引起居民不理解。”庄卫勤说。
4月中旬，梦花街区域“大转运”开始。数千感染者要在最短时间内被转运出去，其中涉及大量基层工作：有了转运名单，社区干部和特保志愿者组成的工作小组要对着名单一户户通知；由于转运量太大，白天往往转不完，部分转运工作就安排在深夜，有的居民睡着了，电话不接，社区干部要摸黑去敲门；指挥部为每个感染者建立“一人一档”，跟踪到底，确保不发生遗漏……
王育才目前担任老西门街道大林居民区党总支书记，在记者采访他的一小时中，他一直在抽烟。“我实在太累、太困了，抽烟可以让我保持清醒，不然精神头根本顶不住。以前我每天抽半包烟，最近一个多月，每天要抽一包半。”
大林居民区位于梦花街区域之外。由于梦花街区域中社区干部陆续感染，王育才就成了“救火队长”，奔走在梦花街区域各处，连续鏖战在学宫、曹家街和文庙居民区，与同事们通力合作，拔点攻坚。他的重要任务之一，就是转运阳性感染者和密接人员。
“最开始的四五天里，每个参与‘大转运’的人几乎都通宵达旦工作，包括社区干部、志愿者、调度员、司机、方舱和定点医院的工作人员等。有人高烧39度，有人累得上吐下泻，但大家都熬了下来。这是一场急行军，我们必须跑赢时间、跑赢病毒。实在累了，就原地眯眼打个盹，几分钟后就要醒来，洗把冷水脸继续战斗。”
被转运，居民们有的不理解，有的有难处，有的有顾虑。“我们因情施策：不理解的，就讲清转运的重要性，让他们明白，不转运会有社区传播风险；有难处的，帮他们解决问题；有顾虑的，帮他们安排好各项事宜，让他们没有后顾之忧。”
有户阳性居民是一对母子，母亲瘫痪在床，儿子有自闭倾向，不愿意与外界交流，他拒绝转运。“我非常了解这里的居民。拒绝的背后，一定有需要我们解决的事情。”王育才了解到，这户人家里还有一个大儿子，于是辗转联系到他，进行一番解释劝说后，哥哥答应跟弟弟沟通。原来，弟弟是担心母亲在隔离点缺乏看护才拒绝转运。王育才当即表示，会尽量沟通安排医护人员照顾其母亲，她的小儿子最终答应配合。转运当天，王育才还协调了民警与特保队员上门，将老太太从六楼背下，完成了这次转运。
最近，住在文庙路的一位101岁老太太刚刚被转运走，过程也是一波三折。一个多月前，老太太被测出核酸阳性，因年龄太大且瘫痪在床，疾控部门人员评估后，安排她暂时居家隔离。后来，医护人员两次为她上门检测核酸，可结果都是阳性。“超高龄老人感染后较难恢复。这位老人一个多月都没有转阴，一旦引发相关并发症，她在家无法得到及时救治，危险很大。”王育才告诉记者，疾控部门再次评估，将这位老太太列入转运名单。黄浦区相关部门多方联系，为她在可收治阳性高龄老人的金山区某医院联系到了床位。
不料，老太太的三个子女强烈反对转运。“他们说，从黄浦一路颠簸去金山，路上出了事谁负责？到了金山那边，老人能不能得到有效照护？我耐心解释：老人只有去医院才能得到救治，一直在家会非常危险；如果他们不放心，我愿意跟车陪护，一路送老人去金山。”转运当天，王育才穿上“大白”防护服，跟着老太太一起上了转运车，单程近两小时，一路护送老人到了定点医院。
转走的老人要照护好，留下的老人也要安排好。老西门街道党工委副书记顾宇峰告诉记者，有位老人瘫痪在床，平时由保姆照顾，不料保姆感染后被转运走了，老人怎么办？“他是核心密接人员，留在家中很容易造成社区传播，而且也没人照顾他；如果转运出去，社区层面一时找不到方舱医院或隔离酒店能够接收他。这种情况下，街道一定要做好兜底保障。”后来，街道在辖区内开辟了一个隔离酒店，将这名老人和其他因年龄限制等问题一时找不到接收地的密接者都送到该隔离酒店隔离，并安排了护工志愿者，一对一照顾老人。
胜利的曙光
居民的理解度、配合度高了，其他工作也渐渐迎刃而解。在这场为期两个多月的“阵地战”中，老城厢居民倾注了巨大的努力和艰辛，也付出了不小的代价，如今已迎来曙光初现
疫情防控千头万绪，对梦花街来说，人员转运问题就是那个最大的“线头”。理顺、解决了这件事，居民的理解度、配合度高了，其他工作也渐渐迎刃而解。在这场为期两个多月的“阵地战”中，老城厢居民倾注了巨大的努力和艰辛，也付出了不小的代价，如今已迎来曙光初现。
“给你们换个口罩，相互之间注意保持两米距离，有序进入社区。”日前，中华路大富贵酒楼门口，拖着行李箱的人们三三两两排着队进入梦花街区域——他们曾经是阳性感染者，经方舱医院收治后，如今转阴回家。“他们中有些人出去的时间比较长，有几次物资发放没赶上，他们回来以后我们会补发。”老西门街道工作人员王澄碧一边维持入口处的秩序，一边告诉记者。得知还能补领物资，不少居民连连道谢。
吴以仑告诉记者，指挥部成员进驻梦花街后，大家很快就协调自己手头的资源，为老城厢居民发放米、面、粮、油等各类物资，尤其是各类药品和中药制剂。“比如，我们从香山医院、曙光医院协调了3批中药汤剂发放到每家每户，每批中药汤剂可用七天。”为了保证物资发放公平有序，指挥部成员还给每家每户都发放了纸质保供卡，居民凭卡领取物资，发放一次就盖一次章，避免多发、漏发。
跟着王澄碧进入梦花街区域，可见街面管控有序，弄堂里只有一辆电动消杀车正在进行巡逻消杀。“各位居民请注意，现在开始消毒，请关好门窗，不要随意走动。”伴随着大喇叭的声音，两名身穿“大白”防护服的志愿者一人开电瓶车、一人坐在车后，拿着喷管进行消杀。
“我们成立了一支8人消杀队伍，阳性感染者转运后第一时间进行消杀，还对老城厢内风险较大的垃圾处理站、倒粪站等严格消杀，户外街面等公共区域每天要消杀四次。各居委会也为居民发放了喷壶、消毒片、酒精等消杀物资，指导居民对家庭内部进行消杀。”吴以仑说，尤其是对于开放式下水道等重要点位，消杀队员每天都会定时消杀，阻断疫情传播链条。
曹家街居民区书记周洁告诉记者，进入5月以来，梦花街区域内的居民对疫情防控各项工作的配合程度越来越高，这让社区干部倍感欣慰。“其实做社区工作没什么诀窍，最重要的就是4个字：将心比心。求医配药、物资保供、高龄老人的生活起居等问题，我们一定要想尽办法帮助居民解决好。”
日前一大早，周洁就要去曹家弄19号看望84岁的居民曹春芳，问问她今天饭吃得好不好。到了曹春芳家门口，周洁隔着门帘和阿婆亲切对话：“曹阿婆，早饭吃了吗，吃的啥？”“吃了，吃的是面条和馒头，蛮好的!”
看完曹阿婆，周洁接到志愿者的电话：为居民曹蓉配的咳嗽药送到了。她返回居委会拿好药品，前往仪凤弄53弄2号曹蓉家中，为她送药。
周洁飞快地穿梭在梦花街区域内的各种小道上。不少小道已被封控，墙面和隔离木板之间只留下一米多宽的空隙，每隔几米还必须低一下头——隔离木板由钉在墙面中的木条支撑，稍不注意，头就会磕到木条。“最近发放保供物资是很难的，因为这种小道上不能通车，连小推车都很难推，必须人力搬运。隔离木板只有固定的少数几个出入口，从出入口走到最远的居民家中要五六分钟，每次发放物资，社区工作人员和志愿者都要走好几个来回。”
到了曹蓉家，周洁擦擦脑门上沁出的汗水，敲门，送上药。曹蓉连连道谢：“辛苦了，周书记。你放心，有啥要做的，我们一定配合。”周洁眼眶红了，鞠躬道谢，随后赶紧转身离开。“不能多待了，再待下去，曹阿姨也该哭了。”
回办公室后，周洁继续统计阳性病例和密接者的当日转运数据，桌上的早饭已冷透了，她依然顾不上吃。
“这就是我们的工作常态。梦花街区域疫情走势趋稳向好，但我们的防范意识一点也不能松懈。”庄卫勤说。
采访结束，记者走出封闭式管理区域，脱下“大白”防护服、面屏、手套、N95口罩，扭头回望了一眼梦花街。
暮春初夏，阳光灿烂，街上虽听不见车水马龙声，但树叶细缝中透过的阳光如往常一样，温柔地洒在整片区域。墙面上一块红色的“盼改善一朝梦圆，做征收阳光透明”标语牌在斑驳的光影中尤其显眼，在封控隔板上反射出随风跃动的图案。
",感染者; 疫情防控; 老西门街道; 居民区; 方舱医院; 区域内; 老城厢; 黄浦区; 转运工作;
309,共同努力守护好建设好城市家园,NA;,1,2022-05-29,2,https://kns.cnki.net/kcms2/article/abstract?v=wgPKIBh6aVmwaDqwbxNAJEg-gVYc96zaV-0XEPH3r9Z-55_cRfEfvjQbv2wFzS7CsYCAJLTTUFT9Sein3Vz6oR2UWBre6kjJQUN7xDPeQ1jZl96g_noqDRWzJL2elE5C&uniplatform=NZKPT,"最坚固的防线 最坚实的依靠
在疫情袭来时，大家毅然扛起重担，千方百计守护城市的生命线、守护人民的生活线。党员、团员行动起来，能人、达人站了出来，志愿者超过了百万。我们深切感到，广大基层一线的同志和千千万万的市民，始终是大上海保卫战最坚固的防线、最坚实的依靠。大家的坚守、坚韧、坚持，充分彰显了团结的力量、互助的力量、向上的力量、大爱的力量
坚决克服麻痹思想、厌战情绪、侥幸心理、松劲心态，把各项防控措施从严从紧、从细从实落实下去，积极创建无疫小区、无疫单位、无疫楼宇等。要坚持联系服务群众的好机制好做法，做好走访群众、走访企业的工作，把群众的生活关心好、情绪疏导好，把企业复工复产的难点解决好、堵点疏通好
本报讯 昨天下午，市委书记李强主持召开疫情防控和经济社会发展基层代表座谈会，详细听取来自抗疫一线和城市运行各条战线代表的意见建议，向广大基层一线同志的努力付出表示衷心感谢和诚挚敬意。李强指出，当前，我们正在深入贯彻落实习近平总书记重要讲话和指示批示精神，毫不动摇坚持“动态清零”总方针，奋力夺取大上海保卫战的胜利。希望广大基层一线同志始终保持高度警醒，严格落实防控措施，筑牢群防群控防线，助力正常生产生活秩序加快恢复，共同努力守护好、建设好我们的城市家园。
座谈会上，普陀区万里街道凯旋公寓居民区党总支书记忻皓清、普华永道上海首席合伙人黄佳、静安区工商联主席沈刚、上海大润发有限公司康桥店店长沈棋、金山区朱泾镇党委书记夏红梅、宝山区疾控中心主任何凡、闵行区浦锦社区卫生服务中心主任张锋、浦东医院院长余波、市西中学校长董君武、顺丰速运集团（上海）速运有限公司总经理姚俊先后发言，结合各自抗疫实践和工作实际，就坚持科学防控、精准防控、有效防控，加快恢复正常生产生活秩序提出了有针对性的建议。大家认为，要综合施策、精准施策，加快形成超大城市常态化防控新机制，以更大力度的确定性政策举措进一步稳预期、降负担、强信心，加快推动复工复产、复商复市，加快畅通产业链供应链，让市场主体和市民群众吃下“定心丸”。
李强认真倾听记录，同与会基层代表深入交流讨论。他说，当前上海疫情防控形势正持续向好，全市方方面面为此付出了艰苦努力，特别是基层一线的同志，发挥了重要作用。在疫情袭来时，大家毅然扛起重担，千方百计守护城市的生命线、守护人民的生活线。许多同志夜以继日“连轴转”，照护千家万户的生活，安抚市民群众的情绪，关心关爱特殊群体。党员、团员行动起来，能人、达人站了出来，志愿者超过了百万。我们深切感到，广大基层一线的同志和千千万万的市民，始终是大上海保卫战最坚固的防线、最坚实的依靠。大家的坚守、坚韧、坚持，充分彰显了团结的力量、互助的力量、向上的力量、大爱的力量。
李强指出，当前，我们正加快向常态化疫情防控阶段转换，让群众有序走出家门，让经济加快恢复重振，让城市的烟火气早日回来。许多工作需要紧紧依靠基层一线同志，要坚决克服麻痹思想、厌战情绪、侥幸心理、松劲心态，把各项防控措施从严从紧、从细从实落实下去，积极创建无疫小区、无疫单位、无疫楼宇等。要坚持联系服务群众的好机制好做法，做好走访群众、走访企业的工作，把群众的生活关心好、情绪疏导好，把企业复工复产的难点解决好、堵点疏通好。市、区和街镇、社区要多为企业排忧解难，工商联、总商会要多为企业牵线搭桥，各个企业要克难而进。各级党委政府要给基层更多关心、支持和帮助，适时安排好大家的轮替轮休，下更大力气激活基层经验、激励基层干部、激发基层活力，报道好、弘扬好基层一线的事迹。政策制定要更多听取基层意见，让基层感到渠道更顺畅、信息更对称、操作更方便。资源力量要更多向基层倾斜，更好为基层赋能减负，不断提高为群众办事的能力和水平。
市领导诸葛宇杰出席座谈会。
",基层一线; 保卫战; 疫情防控; 情绪疏导;
308,谎称招方舱志愿者骗中介费,王闲乐;,3,2022-05-29,1,https://kns.cnki.net/kcms2/article/abstract?v=wgPKIBh6aVmwaDqwbxNAJEg-gVYc96zaV-0XEPH3r9Z-55_cRfEfvjQbv2wFzS7C86Zt6bBzLX2UlD4ezXUE9_-J6Poa0ffyIGTn5EO0cbBJNUJ0lMta00aSkueeflxX&uniplatform=NZKPT,"本报讯（记者 王闲乐）前天，上海检察机关对在疫情防控期间假借社区团购、招募方舱志愿者等名目实施诈骗的7起案件和1起哄抬物价非法经营案件依法提起公诉。
宝山检察院对4起涉嫌诈骗罪案件提起公诉。今年4月至5月间，陆某某在微信群内谎称能够采购到蔬菜、肉、液化气等生活物资，后以购买物资需预付货款为由，骗取十余名被害人钱款；连某某使用租赁的账号在网络平台发布代购、代送物资等虚假信息，骗取被害人货款及跑腿费；薛某某在社区微信群等处发布售卖香烟等物资的虚假信息，通过预先收款的方式，骗取11名被害人钱款；苏某某在微信群内发布虚假兼职信息，谎称政府招募方舱志愿者参与疫情防控工作，以收取中介费为由，骗取2名被害人钱款。宝山检察院审查后认为，上述4名被告人在疫情防控期间，以非法占有为目的，虚构事实、隐瞒真相，通过电信网络骗取他人财物，数额较大，均应当以诈骗罪追究其刑事责任。
4月至5月间，林某某先后多次在多个团购群发布虚假消息，谎称可以购买香烟、生鲜套餐等物品，骗取14名被害人钱款。浦东检察院审查后认为，应当以诈骗罪追究林某某刑事责任。4月中旬，张某某在微信群、朋友圈发布出售蔬菜、鸡蛋等生活物资的虚假信息，骗取多名被害人钱款，松江检察院以涉嫌诈骗罪对被告人张某某提起公诉。今年5月期间，张某在无货源的情况下，在网络平台发布消息谎称能够销售香烟，骗取9名被害人钱款。奉贤检察院审查后认为，张某在疫情防控期间，以非法占有为目的，通过电信网络骗取多人钱款，数额较大，应当以诈骗罪追究其刑事责任。
青浦检察院以涉嫌非法经营罪对尤某某提起公诉。今年4月起，尤某某在担任某保供超市青浦店部门主管期间，利用其负责备货、退发货的工作便利，在疫情期间违反国家有关规定，加价向封控小区居民销售保供物资。
",中介费; 刑事责任; 被害人; 诈骗罪; 以非法占有为目的; 检察院;
307,抓紧上线，第一时间聆听企业声音,周楠;丁婉星;,2,2022-05-29,1,https://kns.cnki.net/kcms2/article/abstract?v=wgPKIBh6aVmwaDqwbxNAJEg-gVYc96zaV-0XEPH3r9Z-55_cRfEfvjQbv2wFzS7CxXIh70X6NK4bfW2uIba1qGb8uL714h68I8WQn5usXnGyXDFi8I6iu5SosfyAVwgc&uniplatform=NZKPT,"本报讯（记者 周楠 通讯员 丁婉星）昨天下午，2022年普陀区第二次重点项目集中签约仪式举行。会上，28个重点项目通过“云签约”方式集中签约落户普陀，项目涵盖生物医药、资产管理、高新技术、新能源等多个行业领域，都是在各自领域行业具有影响力的领军企业、标杆企业、高成长型企业。
作为全市首个社会面清零的中心城区，为复苏经济，普陀开出了一趟特别的“云列车”，通过线上企业服务直通车以不见面的形式服务企业、招商引资。截至5月28日，这趟“云列车”不仅服务区内“老企业”，纾困答疑回应率100%；还引进了符合区域产业发展导向的28个重点项目，其中，有3个亿元级项目同时落地。
企业发展需求为列车“添动力”
“疫情封控后，企业的生产经营节奏被打乱，招商引资的在谈在办项目也因为线下见不了面被耽搁。”普陀区投促办主任黄胜利告诉记者，这意味着服务企业、招商引资这两项区域经济发展的重点工作都亟需新的“抓手”。
企业的真实困难到底有哪些？在谈在办的招商项目又有哪些推进难点？只有对症下药才能为区域经济发展添动力。4月初，普陀区投促办开始紧急搭建这趟“云列车”平台。“花了两个晚上，我们和投促分中心的负责人一起商量，搭了大概框架，做出第一版网页平台，还来不及完善就抓紧上线，推给了各个企业。”黄胜利回忆，当时就想第一时间听到大小企业需求，线上功能可以慢慢再完善。
4月8日，线上企业服务直通车的网络平台开通了，企业可以在网页上留言填写遇到的各类困难。“封控期延长了，除个别保供门店外，170多家门店停业，营业收入大幅下降，近3000名员工的工资还要正常发放，在我们最困难的时候，这个平台给我们带来了希望。”小杨生煎创始人杨利朋回忆，正在为因疫情给公司带来的现金流压力发愁时，平台为他送来了“及时雨”。
“留言后，很快就收到线上回复，还有长征镇经发办、普陀区金融办工作人员致电处理跟进，最终通过‘靠普贷’帮助我们解决了资金难题。”杨利朋说。
列车服务能级不断拓展
线上服务直通车，对企业而言，是疫情期间大小困难的反映通道，对政府而言，意味着服务能级拓展。“企业在不同发展阶段会遇到不同问题，但疫情期间会遇到更多共性问题，这些共性问题梳理出来，就是我们不断完善服务的新方向。”普陀区这样要求投促办的“店小二”们。
“防疫物资小超市”的新功能上线就来源于企业的共性需求。
“复工之后，办公消毒液到哪里买？员工口罩如何供应？”复工进行时，防疫物资成了企业的刚需。而通过“防疫物资小超市”的平台，企业扫码登录后，就可以一目了然地看到各类防疫物资的品名、规格、联系方式等。
“快捷又安心！我们有紧急的消杀需求，一时间找不到团队来做，通过这个平台很快对接到了供应商。”上海造币公司相关负责人回忆。更为重要的是，平台上的供货企业均为区内的医药流通企业，信任度更高。就这样，来自不同“车厢”的区内企业，从“供需两端”精准对接到了一起，建立了区域共同发展的良性生态圈。
据介绍，截至目前，通过这趟“云列车”，普陀区已受理、答复、办理企业需求千余条。日前，普陀还在加快推进完善租金优惠、资金对接等多维服务新举措。
乘务组为列车“引客流”
中建七局新能（上海）建设有限公司普陀分公司是亿元级新落户企业，在普陀将设立其建设工程总部。对普陀的发展，公司总经理杨存兵十分看好，他告诉记者，疫情期间通过“云列车”的几次服务，对普陀的服务精神有了更深切的感受。“我在平台上填写了几次需求，最快的当天就有回复，最慢的次日一早就有了回复。”杨存兵说。
来自普陀区10个街镇、5个投促分中心以及相关委办局的百余名工作人员，组建了“乘务组”微信群，以扁平化运作的形式各司其职：按企业需求分工响应、分级响应。不仅确保了列车的高效运行，更保证了乘客的舒心、放心。
杨存兵表示，尤其是在寻找办公用房上，区投促办、桃浦镇、桃浦智创城几方联动服务，不到几天的时间，就帮企业匹配到了合适的办公用地。“之前我们自己也找过几处办公楼，都不太合适，需求一反映，几方立即带着我们开始了线上VR看房，很快就选定了桃浦镇内一处办公楼宇。地处桃浦，未来也计划发挥企业专长，共同参与桃浦智创城建设开发。”
这种“件件有落实、事事有回音”的服务精神，也带来了源源不断的新“客流”。
上海宏灿信息科技股份有限公司就是疫情期间“登”上这趟“云列车”的新企业之一。“我们有融资需求，区里给我们对接了区科投公司做资本招商，工商税务联动为我们线上办证办照。”公司董事长胡李宏介绍说，5月20日公司正式落户，全程用了不到两个月，普陀的服务贴心、高效。
还有不少“新企业”，化身这趟“云列车”的“叫卖员”——做起了招商的“合伙人”。去年12月在普陀开业的地标性商业综合体天安千树一期，其经营单位大洋千树商业管理有限公司就是其中之一。“我们对大洋千树做了整体打包服务政策，鼓励引导企业将门店的商户注册落地到普陀来。”长寿投促中心专职主任夏卫告诉记者，中心联动工商税务相关工作人员以驻点式服务为企业提供注册相关服务，截至目前，场内商户落地普陀超过60户，招商营业率已达89%。
",普陀区; 第一时间; 重点项目; 桃浦镇; 乘务组;
306,彰显一方有难八方支援制度优势,孟群舒;,1,2022-05-30,2,https://kns.cnki.net/kcms2/article/abstract?v=wgPKIBh6aVmwaDqwbxNAJEg-gVYc96zaV-0XEPH3r9Z-55_cRfEfvjQbv2wFzS7CL1Ubi8TpSQOZYBcoa9ZTxqmk0OjZNtoYYsLtoC6Jlmnbc9zmqo15aVpzQnTK7xzf&uniplatform=NZKPT,"本报讯（记者 孟群舒）市委副书记、市长龚正昨天为圆满顺利完成阶段性任务的天津市援沪医疗队送行，代表市委、市政府，向援沪医疗队致以崇高敬意和诚挚感谢。
天津市援沪医疗队首批1518人，于4月3日抵达上海，4月中旬又有78名中医师来沪增援，在上海新国际博览中心方舱医院持续奋战，管理近万张床位，收治患者2万多人，并完成17.6万人核酸采样。
在虹桥机场，龚正同医疗队道别。龚正说，在上海疫情防控最吃劲的时刻，天津市援沪医疗队全身心投入繁重的医疗救治、核酸采样、患者转运工作，以精湛医术和大爱仁心，体现了津沪同心的深情厚谊，彰显了一方有难、八方支援的制度优势。我们将按照“疫情要防住、经济要稳住、发展要安全”的要求，坚决打赢大上海保卫战，统筹好疫情防控和经济社会发展。期待上海和天津进一步加强优势互补、推动资源共享，积极创造平台，拓展合作空间。希望大家把抗疫一线的宝贵经验和拼搏精神发扬光大，期待疫情过后能在上海再相聚，共享抗疫成果，不负美好时光。
副市长宗明参加活动。
",八方支援; 医疗队; 制度优势;
305,须持72小时内核酸检测阴性证明,顾泳;,2,2022-05-30,2,https://kns.cnki.net/kcms2/article/abstract?v=wgPKIBh6aVmwaDqwbxNAJEg-gVYc96zaV-0XEPH3r9Z-55_cRfEfvjQbv2wFzS7CkM7Mskvb_yPnMJzs1w2WcoJ93tuPd4GZWA-47hn58D3GJEigQ4qhumDLW-e9EU9H&uniplatform=NZKPT,"本报讯（记者 顾泳）昨天举行的市新冠肺炎疫情防控工作新闻发布会传出消息，当前，本市疫情形势持续向稳向好，全市疫情防控正处在向常态化防控转换的关键时期。为统筹推进疫情防控和经济社会发展，全面恢复正常生产生活秩序，全市调整和优化核酸检测时间要求。
自6月1日零时起，进入有明确防疫要求的公共场所和搭乘公共交通工具的人员，须持72小时内核酸检测阴性证明。离沪人员仍需提供48小时内核酸检测阴性证明和24小时内抗原检测阴性证明（持有24小时内核酸检测阴性证明的可免除抗原检测证明），来沪返沪人员需提供48小时内核酸检测阴性证明。对于机场港口、医疗机构、集中隔离点、冷链物流等需定期核酸筛查的相关行业或岗位的从业人员，以及配送寄递、城市保障等流动人员，按照国家和本市相关核酸检测要求执行。
5月28日，上海新增29例新冠肺炎本土确诊病例和93例本土无症状感染者。其中，在相关风险人群筛查中，浦东新区新报告1例新冠肺炎确诊病例（轻型），居住于浦东新区花木街道丁香路910弄。流行病学调查显示，该阳性感染者14天内未离开过居住地，活动轨迹仅限于居住小区内。根据本市目前疫情形势和相关规定，经市新冠肺炎疫情防控工作领导小组办公室研究决定，将浦东新区花木街道丁香路910弄列为中风险地区。
目前市、区两级共有20家中医、中西医结合医院开设了新冠肺炎中医康复门诊，其中6家医院开通了新冠康复互联网诊疗服务专栏。市民可在“健康上海12320”查询到上述中医康复门诊的开设信息、中医康复方案和传统功法训练视频。
另悉，浦东新区正在分阶段、分类型推进复工复产、复商复市，保障产业链供应链有序运转、生产生活有序恢复。截至5月28日，全区近1700家生产型重点企业复工复产，450家重点金融机构、580家重点外贸企业保持或恢复经营。同时，以点带链，推动产业链供应链上下游大中小企业协同复工达产。今起，浦东实现公交（除跨区线路外）全部恢复，全区社区事务受理中心也全面恢复服务。
本市将于6月1日进入汛期。市防汛办副主任、市水务局副局长刘晓涛介绍，根据目前的气象预测，今年汛期本市将呈现降水总量略多、梅雨量正常、影响台风多、高温日数正常至略多的特点。市防汛办将根据气象水务部门发布的“蓝黄橙红”四色预警信号，及时启动响应行动，落实防御措施，并第一时间向社会发布。目前本市已建立市、区、街镇三级防汛指挥体系，244名行政防汛责任人调整到位。此外，全市在中高考考点、方舱医院、集中隔离点等重点区域周边，将提前预置抢险队伍和积水抢排设备、防汛物资等。迄今已落实100余支排水突击队，88辆移动泵车，一旦发生险情，第一时间处置。环卫、路政、公安、排水等部门已建立了应急联动机制，如果发生道路、小区、下立交积水等情况，将及时处置，实现快速退水。
",核酸检测; 疫情防控;
304,以超常规力度加快经济恢复重振,孟群舒;,1,2022-05-30,2,https://kns.cnki.net/kcms2/article/abstract?v=wgPKIBh6aVmwaDqwbxNAJEg-gVYc96zaV-0XEPH3r9Z-55_cRfEfvjQbv2wFzS7CNZcATui1w8d-Xj2orCkO-9lv8efXGIN1UQ_o5abwe-TR7VVdpGH8MUdFdVEujAhn&uniplatform=NZKPT,"本报讯（记者 孟群舒）上海市贯彻全国稳住经济大盘电视电话会议精神工作部署会昨天召开。市委副书记、市长龚正指出，要以习近平新时代中国特色社会主义思想为指导，贯彻落实国务院电视电话会议精神，按照“疫情要防住、经济要稳住、发展要安全”的要求，在市委的坚强领导下，坚定信心、攻坚克难、奋力拼搏，以超常规的力度和举措，加快推动经济恢复重振。
龚正指出，过去三个月，是上海极不容易的日子。面对空前严峻复杂的疫情形势，上海坚决贯彻落实习近平总书记重要讲话和指示批示精神，按照党中央、国务院决策部署，在国家各相关部门、全国各地和解放军的大力支持下，在全市人民团结奋战、不懈努力下，疫情得到有效控制，形势持续向好，5月16日实现了社会面清零，正在不断缩小封控区和管控区范围，直至解封，这也为6月1日以后，全面恢复城市正常生产生活秩序打下了较为扎实的基础。龚正说：“2500万上海市民众志成城、守望相助，各条战线的抗疫勇士坚守一线、持续奋战，我们向为上海坚守和付出的所有人，表示衷心的感谢，致以诚挚的敬意!上海是我们共同的家园，是一座不断创造奇迹的伟大城市。我们坚信，疫情终将过去，美好终会到来，上海必将重回人潮涌动、车水马龙的繁荣繁华，再现激情澎湃、人人向往的生机活力。”
龚正指出，要认清大局、把握大势，充分认识当前形势的极端严峻性和稳住经济大盘的极端重要性。要坚定信心、奋力拼搏，坚决打赢经济恢复和重振攻坚战。要全力筑牢疫情防控屏障，加快推进扫尾清零，完善常态化防控机制，牢牢守住不发生疫情规模性反弹的底线。要全力推进复工复产达产，各区、各部门要抓紧排摸情况，全力支持和组织推动各类企业复工复产达产，尽最大努力把疫情耽误的时间、造成的损失抢回来。要全力稳住市场主体，加大减税降费力度，加大金融纾困力度，加大为企服务力度。要全力扩投资促消费，发挥投资关键性作用，加快重大工程、重大产业项目、重点区域的投资力度，多策并举、综合施策，推动消费市场逐步恢复常态。要全力稳外资稳外贸，继续巩固上海作为国际资本最青睐投资目的地的地位，用好RCEP生效契机和进博会大平台，打造一流营商环境，稳定企业预期。要全力做好民生保障，抓好稳岗就业、保供稳价工作。要全力守牢安全底线，高度重视防范化解各类风险。
龚正指出，要昂扬斗志、勇往直前，以恪尽职守之责、统筹兼顾之谋、担当实干之风推进各项工作落地见效。进一步强化历史使命感和责任感、系统观念和严实作风，不折不扣落实责任、落实政策、落实纪律，打好稳住经济大盘这场硬仗。
会上，市发展改革委、市经信委、市财政局、人民银行上海总部、浦东新区、黄浦区、松江区作汇报。市领导吴清、舒庆、彭沉雷、陈群、宗明、陈通、张为、刘多出席。市领导陈金山、寿子琪在分会场参会。
",超常规;
303,推动惠企政策落地落实增强企业信心,NA;,1,2022-05-30,6,https://kns.cnki.net/kcms2/article/abstract?v=wgPKIBh6aVmwaDqwbxNAJEg-gVYc96zaV-0XEPH3r9Z-55_cRfEfvjQbv2wFzS7CC0ZfeutCI4XG7rkA9aXywkBhLN6KxHCRBikbRRkLpVQXgRryNEaHz1YrSLXZnwqI&uniplatform=NZKPT,"加快恢复正常秩序是重中之重 当前疫情防控形势持续向好，正向常态化防控阶段转换，加快恢复正常生产生活秩序是重中之重。要进一步深化细化走访企业机制，及时了解掌握企业堵点难点痛点，精准推送政策服务，让企业心无旁骛抓生产、谋发展
真情帮扶企业渡过难关 既要严格压实企业防疫主体责任，也要真情帮扶企业渡过难关。企业面对的困难和问题各有不同，支持举措要更有针对性
进一步释放政策效应，让企业有实实在在的感受度和获得感。要在“链式复工”上下更大功夫，对产业链、供应链相配套企业统筹考虑，加快推动复工达产
本报讯 市委书记李强昨天在闵行区检查企业疫情防控和复工复产情况时指出，要深入贯彻落实习近平总书记重要讲话和指示批示精神，毫不动摇坚持“动态清零”总方针，高效统筹疫情防控和经济社会发展，以更大力度走访企业、服务企业，及时推动惠企政策落地落实，千方百计为企业排忧解难，切实增强企业信心和预期，为打赢大上海保卫战作出更大贡献。
本轮疫情发生以来，中国航天科技集团有限公司第八研究院所属上海卫星装备研究所严格落实疫情防控措施，科研生产任务基本未受影响，多颗卫星完成研制、按时出厂并成功发射。李强在卫星总装车间了解卫星研制和生产流程，听取这段时间以来统筹抓好疫情防控和科研生产相关工作介绍，关切询问封闭式生产及人员在岗返岗、个人安全防护等情况，向坚守岗位的一线科研生产人员表示慰问和感谢。李强说，当前疫情防控形势持续向好，正向常态化防控阶段转换，加快恢复正常生产生活秩序是重中之重。要进一步深化细化走访企业机制，及时了解掌握企业堵点难点痛点，精准推送政策服务，让企业心无旁骛抓生产、谋发展。航天产业发展空间广阔，希望企业在落实疫情防控各项措施同时，加快推进高水平科技自立自强，集中力量持续攻关，积极抢占科技制高点，在关键核心技术突破上有更大作为，为我国航天事业发展作出更大贡献。
随后，市领导来到上海至纯洁净系统科技股份有限公司，察看企业疫情防控措施执行情况，详细询问产业链供应链保通保畅情况以及当前生产经营还面临哪些问题。企业负责人表示，虽然受本轮疫情影响，但全年目标保持不变，感谢相关部门和区的支持指导。李强说，要把疫情防控和经济社会发展更好结合起来，坚持两手抓、两手硬、两手赢。既要严格压实企业防疫主体责任，也要真情帮扶企业渡过难关。企业面对的困难和问题各有不同，支持举措要更有针对性，助企服务要更高效到位，用足用好加快经济恢复和重振相关政策措施，进一步释放政策效应，让企业有实实在在的感受度和获得感。要在“链式复工”上下更大功夫，对产业链、供应链相配套企业统筹考虑，提升复工复产整体效应，加快推动复工达产。
市领导诸葛宇杰参加检查。
",疫情防控; 阶段转换; 谋发展; 供应链; 产业链; 心无旁骛;
302,上海公布“50条”加快经济恢复和重振,宰飞;俱鹤飞;,1,2022-05-30,61,https://kns.cnki.net/kcms2/article/abstract?v=wgPKIBh6aVmwaDqwbxNAJEg-gVYc96zaV-0XEPH3r9Z-55_cRfEfvjQbv2wFzS7CKnl14ssL8-tCx1ZbKtytZHawkQaxLDlqSEk3UD8A5QTFpir4XWDJZRkNARPHvrHs&uniplatform=NZKPT,"本报讯（记者 宰飞 俱鹤飞）《上海市加快经济恢复和重振行动方案》昨天公布。
为深入贯彻习近平总书记在中央政治局常委会会议上的重要讲话精神，认真落实全国稳住经济大盘电视电话会议精神，按照“疫情要防住、经济要稳住、发展要安全”的要求，更加有力、更加高效地统筹疫情防控和经济社会发展，坚决打赢大上海保卫战、经济恢复和重振攻坚战，围绕落实国家稳经济一揽子措施，在充分听取各类市场主体诉求和建议的基础上，本市制定了上述《行动方案》。
经初步测算，本轮《行动方案》提出的政策措施叠加3月底市政府出台的“21条”政策，预计全年将为市场主体减负各类资金规模达3000亿元。
《行动方案》共包括八个方面、50条政策措施，主要内容大致可分为“四大板块”：
第一板块主要是全力助企纾困。针对企业实际困难，从阶段性缓缴“五险一金”和税款、扩大房屋租金减免范围、多渠道为企业减费让利、加大退税减税力度、发放援企稳岗补贴等方面，综合实施“缓免减退补”政策，多管齐下为企减负。在缓缴方面，餐饮、零售、旅游、民航、公路水路铁路运输等5个特困行业以及受疫情影响经营困难的中小微企业和个体工商户可缓缴社会保险费，用人单位可申请缓缴住房公积金，纳税人可延期纳税申报或申请延期缴纳税款。在减免方面，除减免房租外，对符合条件的企业减免房产税和城镇土地使用税，对非居民用户给予3个月应缴水费、电费、天然气费10%的财政补贴，免收3个月单位生活垃圾处理费等。在退税和补贴方面，进一步加大增值税留抵退税政策力度，在更多行业实施增值税存量和增量全额留抵退税，对餐饮、零售、旅游、交通运输、文体娱乐、住宿、会展等困难行业企业给予一次性稳岗补贴，对符合条件的用人单位给予一次性吸纳就业补贴。
第二板块主要是复工复产复市。复工复产、复商复市是当前各类企业非常关注的问题。针对复工复产卡点堵点，提出了分类指导、动态修订复工复产复市疫情防控指引、取消企业复工复产复市不合理限制（6月1日起取消企业复工复产审批制度）、扩大企业防疫和消杀补贴范围、建立长三角产业链供应链互保机制、畅通国内国际物流运输通道等政策措施，支持各行业领域复工复产复市，稳步提高企业达产率。
第三板块主要是稳外资外贸、促消费投资。围绕稳外资稳外贸、促进消费加快恢复、发挥投资关键性作用等方面，提出了一系列有力度的政策举措，全面增强经济内生动力。在稳外资方面，建立重点外资企业复工复产专员服务机制，启用重大外资项目线上服务系统，提前启动2022年上海市鼓励跨国公司地区总部发展专项资金申报工作，进一步支持跨国公司在沪设立地区总部和外资研发中心，着力稳定外资企业预期和信心。在稳外贸方面，加大出口退税、出口信用保险等支持力度，鼓励港航企业减免货物堆存费和滞箱费，助力外贸企业履约订单。在促消费方面，以大宗消费为抓手，年内新增非营业性客车牌照额度4万个，按照国家政策要求阶段性减征部分乘用车购置税，对置换纯电动汽车的个人消费者给予一次性1万元补贴，支持大型商贸企业和电商平台发放消费优惠券，支持文创、旅游、体育产业发展，大力促进消费加快恢复。在扩投资方面，加强城市更新规划编制、政策支持和要素保障，年内完成中心城区成片旧区改造，全面提速零星旧区改造，年内新启动8个以上城中村改造项目。全力推动在建项目复工复产和新项目开工建设，支持扩大企业债券申报和发行规模，将新型基础设施等纳入地方政府专项债券支持范围，进一步发挥基础设施REITs作用，充分引导和激发社会投资。
第四板块主要是强化支撑保障。围绕资金、土地、人才、营商环境等方面，提出了一批支撑保障性的政策措施，同时进一步研究储备一批新的政策措施。在要素保障方面，加快涉企专项财政资金拨付和执行进度，完善专项资金使用和评价方式，统筹用于对经营困难的企业给予房租、贷款利息、担保费、稳岗就业等补贴。支持中小微企业无缝续贷，深入实施“浦江之光”行动、支持企业上市融资；按照国家政策要求，将商业汇票承兑期限由1年缩短至6个月，对民营企业债券融资交易费用能免尽免；降低市、区两级政策性融资担保费率，实行贴息贴费政策。保障土地要素供给，尽快启动土地市场交易，增加年度建设用地计划。在民生保障方面，多渠道稳定和扩大就业，加大培训补贴力度，落实高校毕业生见习补贴、求职创业补贴等各项支持政策。优化人才直接落户、居转户、购房等条件，吸引和留住各类人才。通过发放一次性补贴、爱心礼包等形式，保障困难群众生活。在优化营商环境方面，持续开展各层各级领导干部“防疫情、稳经济、保安全”大走访、大排查，建立企业诉求快速回应和解决问题的服务机制，实施市场主体纾困优化营商环境专项行动计划，提高“一网通办”全程网办率，完善信用修复机制，加大政府采购支持中小企业力度，稳定平台企业及其共生中小微企业的发展预期。
下一步，全市各部门、各区将抓紧出台实施细则，明确申报流程和办事指南，实行免申即享、一键即享、线上办理、精准推送等措施，确保各项政策以最快速度落实落地，高效直达市场主体。同时，本市还将根据国家新出台的政策、企业反映的问题和诉求，及时补充和刷新政策，加强督促检查和政策评估，全力以赴抗疫情、稳经济、促发展。
",经济恢复; 中小微企业; 营商环境; 疫情防控;
299,重整行装再出发,NA;,1,2022-05-31,5,https://kns.cnki.net/kcms2/article/abstract?v=wgPKIBh6aVns8Xt59Cs9JAZPJDl9UnEPAmE3wbR_yM39debjNJUd2VN8zX3cR92pmuufljwSxM1nbTCloHy4SEimKYw2iOZgQy6OAeVZKqIIRa6-XH_4m5Zx7-c1H_t5&uniplatform=NZKPT,"“大上海保卫战”取得了重大阶段性成果。6月1日起，上海将有序恢复住宅小区出入、公共交通运营和机动车通行。
这是万众期盼已久的时刻。苦战三个月后，这一刻令人百感交集，更值得倍加珍惜。
这段时间，面对来势汹汹的新冠疫情，上海经历了一场前所未有的大仗硬仗，上海人民度过了一个难熬难忘的春天。
在以习近平同志为核心的党中央坚强领导下，在兄弟省区市和解放军大力支援下，全市上下始终坚持“动态清零”总方针，始终秉持“坚持就是胜利”的必胜信念，破釜沉舟、背水一战、决战决胜，克服重重困难、付出艰苦努力。
“历史会记住为这座城市坚守和付出的所有人。”这个春天，定格了无数人的冲锋、拼搏、坚守、隐忍与牺牲。特别是身处抗疫一线的医务人员、社区工作者、公安干警、基层干部、下沉干部、志愿者等，承受了很长时间身体和心理双重极限压力，完成了大量看似不可能完成的任务，充分彰显出团结的力量、互助的力量、向上的力量、大爱的力量。
2500万上海人民，以自己的坚韧不拔、守望相助，积极投身配合这场大仗硬仗，在最为艰难的时刻不断凝心聚力、共克时艰，共同守护着这座城市，诠释这座城市的精神品格。
上海是英雄的城市，上海人民是英雄的人民，这场大上海保卫战再度印证了这一点。只要坚定信心、上下一心、勠力同心，再大的风浪也击不垮这座城市、击不垮这里的人民。
大上海保卫战，不仅仅是疫情防控的阻击战，还包括一场城市有序运转、经济强力复苏、社会信心修复的攻坚战。目前，这场极限考验并未结束，我们的面前还有许多难题待解。
“疫情要防住、经济要稳住、发展要安全”，这是党中央的明确要求，是对统筹兼顾协调能力的极大考验。就上海而言，当前，巩固来之不易的疫情防控成果，毫不放松抓好常态化疫情防控，需要方方面面持续警醒、慎终如始。
新的防疫形势下，必须全方位地加强体系建设，真正筑牢防控屏障，在前期艰辛探索并有了重要经验教训的基础上，走出行之有效的超大城市常态化防控新路，真正实现以最小代价实现最大防控效果。
与此同时，有序恢复正常生产生活秩序，全力稳定预期、提振信心、凝心聚力，把失去的时间抢回来，把疫情造成的损失补回来，实现疫情防控和经济社会发展“两手抓、两手硬、两手赢”，更是当前极其紧迫的任务。
毋庸讳言，本轮疫情对上海的经济社会发展带来前所未有的冲击，市场主体和市民群众的信心有待提振修复。有序放开之后，我们的各项行动，应当正视、回应这些问题，积极寻找解决之道。
当务之急，是在毫不放松抓好常态化防控的同时，以时不我待的紧迫感加快推进复工复产复商复市，做到“应复尽复”“应放尽放”，杜绝层层加码；对国家和本市已出台的经济恢复重振措施，应当全力推进落实落地，用具体、务实、精准、可感的行动向市场和社会持续释放积极信号，体现正向引导，从而更好地稳主体、强动力、惠民生。
我们也要进一步释放善意和暖流，不断增进共识、温暖人心、凝聚人心，营造起团结一致向前看、重整行装再出发的浓厚氛围。各项工作措施的谋划、设计和执行，都应以有利于心齐气顺、有利于提振信心为导向，让人们在清晰的预期中切实感受到“未来可期”，并愿为之付出奋斗与创造。
早在两年多前，中央就要求各级干部“既有责任担当之勇、又有科学防控之智，既有统筹兼顾之谋、又有组织实施之能”。在有序放开之后，我们无疑需要更加有勇、有智、有谋、有能，为这座城市担当，为人民群众尽责。
担当尽责，齐心协力，这场大上海保卫战，定能早日取得全面的胜利。
",疫情防控; 保卫战; 党中央;
298,大上海保卫战取得重大阶段性成果 团结一致向前看 重整行装再出发,NA;,1,2022-05-31,5,https://kns.cnki.net/kcms2/article/abstract?v=wgPKIBh6aVns8Xt59Cs9JAZPJDl9UnEPAmE3wbR_yM39debjNJUd2VN8zX3cR92pw609_5tSPMIWPR1jf_MnxISbY6e25XKqq9-nl5mgvUtEFuxD7m5Swsnnf802D0PK&uniplatform=NZKPT,"应复尽复，应放尽放，不能层层加码
加快推动回归正常轨道 必须始终保持清醒头脑，以时不我待的精神、分秒必争的行动抓实抓细各项工作。必须牢牢守住已经清零的阵地，毫不放松抓好降新增和防反弹。必须全面落实“疫情要防住、经济要稳住、发展要安全”的要求，积极探索超大城市常态化防控新机制，加快推动经济社会发展回归正常轨道
给市场主体以明确预期 要在毫不放松抓好常态化防控的同时，加快推进复工复产复商复市，做到“应复尽复”“应放尽放”，不能层层加码。全面落实国家和市里出台的一揽子政策，全力跑出经济恢复和振兴的加速度，更好稳主体、强动力、惠民生。完善各级领导干部走访企业制度，给市场主体以明确预期，坚决稳住经济基本盘
要知责明责、知重负重 要有针对性地做好凝心聚力的工作，大力营造真抓实干的工作氛围、心齐气顺的社会氛围、昂扬向上的舆论氛围，团结一致向前看，重整行装再出发。要知责明责、知重负重，增强大局意识、系统思维和统筹能力，拿出“比学赶超”的劲头，以超常规的思路和行动，把失去的时间抢回来，把疫情造成的损失补回来
本报讯 昨天，市委、市政府召开统筹疫情防控和经济社会发展工作会议，深入贯彻落实习近平总书记重要讲话和指示批示精神，进一步统一全市上下的思想和行动，更好统筹疫情防控和经济社会发展各项工作，努力做到两手抓、两手硬、两手赢。市委书记、市新冠肺炎疫情防控工作领导小组组长李强在会上指出，在以习近平同志为核心的党中央坚强领导下，在兄弟省区市和解放军的大力支援下，全市上下经过连续奋战，取得了大上海保卫战的重大阶段性成果。要毫不动摇坚持“动态清零”总方针，全力抓好常态化疫情防控，全面恢复正常生产生活秩序，团结一切可以团结的力量，调动一切可以调动的积极因素，奋力夺取疫情防控和经济社会发展的双胜利。
市委副书记、市长、市疫情防控工作领导小组组长龚正主持会议并讲话。市人大常委会主任蒋卓庆、市政协主席董云虎、市委副书记诸葛宇杰出席会议。会议以视频方式连线到全市各区各街镇。
李强指出，本轮疫情发生以来，全市上下毫不动摇坚持“动态清零”总方针，始终秉持“坚持就是胜利”的必胜信念，克服重重困难，付出艰巨努力，取得了来之不易的重大阶段性成果。广大党员、干部夜以继日地冲锋与拼搏，广大人民群众坚韧不拔地支持与坚持，医务人员、社区工作者、公安干警、基层干部、下沉干部、志愿者等身处抗疫一线的同志们经受住了极限条件下的考验，完成了艰巨繁重的任务。当前，疫情防控正向常态化防控阶段转换，随着生产生活秩序的全面恢复，巩固防控成果的任务依然艰巨。必须始终保持清醒头脑，以时不我待的精神、分秒必争的行动抓实抓细各项工作。必须牢牢守住已经清零的阵地，毫不放松抓好降新增和防反弹。必须全面落实“疫情要防住、经济要稳住、发展要安全”的要求，积极探索超大城市常态化防控新机制，加快推动经济社会发展回归正常轨道。
李强指出，常态化疫情防控要在抓住重点和关键、完善机制和体系上下功夫，力量配备要常态长效，监测预警要反应灵敏，应急处置要快速响应，疫情防线要全面筑牢，支撑保障要更加有力。市区两级应急指挥体系要始终保持激活状态，坚持扁平化运作，确保统一调度、信息共享、高效指挥。建强各级应急处置工作专班，明确职责、配强力量、构建机制。要加快构建多点触发、一触即发的监测预警网。持续优化核酸采样点布局和检测能力匹配，全面部署“场所码”“数字哨兵”，重点场所、重点人群、重点行业要严格落实检测频次要求。应急处置要压实属地负责制和首接负责制，以快制快，推动管控、检测、流调、转运、隔离、收治等各环节高效衔接。完善各级各类应急预案，加强复杂场景下的模拟演练。要严格落实社会面防疫措施，强化属地兜底、行业管理，加强常态监测，严格执行老旧小区、城中村、农贸市场、大型企业、建筑工地等重点场所的日常防疫要求，严密扎紧外防输入闭环。加快推进老年人群疫苗接种，广泛开展公共卫生科普宣传，强化市民防疫意识、责任和能力，筑牢群防群控防线。要强化集中隔离点、方舱医院、定点医院等布局建设，建立储备清单和梯次启用机制。打造强有力的社区防控工作队伍，把志愿者力量固化下来，加强防控能力培训。强化数字和科技支撑，加快推进新型快速检测方法、药物及疫苗研发，更好发挥中医药在预防治疗康复中的独特作用。要层层压实常态化防控“四方责任”。
李强指出，要在毫不放松抓好常态化防控的同时，加快推进复工复产复商复市，做到“应复尽复”“应放尽放”，不能层层加码。保持战略定力、坚定发展信心，全面落实国家和市里出台的一揽子政策，全力跑出经济恢复和振兴的加速度，更好稳主体、强动力、惠民生。完善各级领导干部走访企业制度，送服务上门，送政策上门，给市场主体以明确预期，坚决稳住经济基本盘。加大助企纾困力度，千方百计帮助受到疫情冲击的企业特别是中小微企业渡过难关。聚焦重点领域，更大力度扩投资、促消费，抓重大项目建设，抓重大消费活动，积极做好稳外贸稳外资工作。想方设法稳定和扩大就业，走访慰问特殊困难群体，加快推进城中村和老旧小区改造，实实在在解难题、暖民心。
李强指出，要有针对性地做好凝心聚力的工作，大力营造真抓实干的工作氛围、心齐气顺的社会氛围、昂扬向上的舆论氛围，团结一致向前看，重整行装再出发。要知责明责、知重负重，增强大局意识、系统思维和统筹能力，拿出“比学赶超”的劲头，以超常规的思路和行动，把失去的时间抢回来，把疫情造成的损失补回来。加强社会思想引导和心理建设，深入走访倾听，办好民生实事，组织开展好群众喜闻乐见的精神文化和生活休闲活动，切实维护社会和谐稳定。讲好基层一线抗疫故事，及时主动回应社会关切，把抓好超大城市常态化防控的措施告诉市民，把加快经济恢复振兴的政策传递给社会，打好信息发布、政策解读和引导疏导的组合拳。
龚正就贯彻落实本次会议精神指出，要按照市委部署要求，进一步强化责任担当，强化问题导向，强化系统观念，加快实施常态化疫情防控管理，加快推进城市恢复正常运行，全力促进经济加快恢复和重振。持续提升疫情防控水平和应急处置能力。切实形成政策的有效合力，以加倍努力和超常规举措推动正常生产生活秩序加快恢复。认真倾听市场主体和人民群众呼声，及时帮助协调解决实际困难和问题。
市委常委郑钢淼、刘学新、吴清、周慧琳、胡文容、赵嘉鸣、朱芝松、刘杰、陈金山，市人大常委会、市政府、市政协负责同志，市高级法院院长、市检察院检察长等出席会议。
会议在市人大常委会办公厅、市政府办公厅、市政协办公厅、各区、各街镇及在沪央企等企事业单位设分会场，共1100余人参加会议。市防控办、市发展改革委、黄浦区南京东路街道、上港集团在会上作交流发言。
",向前看; 常态化; 超大城市; 疫情防控; 保卫战; 阶段性成果;
297,加大为企服务加快经济恢复重振,孟群舒;,1,2022-05-31,2,https://kns.cnki.net/kcms2/article/abstract?v=wgPKIBh6aVns8Xt59Cs9JAZPJDl9UnEPAmE3wbR_yM39debjNJUd2VN8zX3cR92pjJZB5IMgbz0nX4DDil92Ogd5oqBBWFVXXPitpPQMd0qzZTRXYImJLuzb9-wCDkao&uniplatform=NZKPT,"本报讯（记者 孟群舒）市委副书记、市长龚正昨天调研外资外贸企业时指出，要深入贯彻落实习近平总书记重要讲话和指示批示精神，按照市委部署，高效统筹疫情防控和经济社会发展，以分秒必争的紧迫感，把稳增长放在更加突出的位置，加大为企服务力度，努力把政策红利转化为发展成效，加快推动经济恢复重振。
上午，龚正一行来到泓明供应链有限公司，详细了解企业落实疫情防控措施和确保跨境供应链畅通等情况，与企业负责人深入交流。负责人说，泓明持续推进数字化转型，与海关、市场监管局等紧密协作，制订行业标准和规范指引，为战略性新兴产业相关企业提供更好服务。龚正指出，上海疫情防控形势持续向好，要不断完善发现、处突、管控和自我健康管理“四个机制”，为全面恢复正常生产生活秩序提供保障。要着力稳外贸，围绕产业链需求，打通供应链堵点，发挥功能性企业作用，支持培育贸易新业态新模式发展，在更大范围内匹配全球供需。要用好RCEP生效契机和进博会大平台，帮助各类外贸企业拓市场、扩订单，创新监管模式，拓展贸易功能，巩固强化全球资源配置功能，促进国际贸易中心枢纽能级不断提升。
美国杜邦公司在沪设有7家独资企业、4家区域总部。龚正走进杜邦公司一处办公地点，详细了解杜邦公司在沪发展、支持上海抗疫、推进复工复产情况，询问企业所需。企业负责人表示，杜邦坚信“投资上海，就是投资未来”，将持续加大投入，更好服务产业发展。龚正指出，上海高度重视外资企业在沪发展情况，将努力打造市场化、法治化、国际化的一流营商环境，进一步加大力度引进高能级外资企业总部和研发中心，继续巩固上海作为国际资本最青睐投资目的地的地位。各级政府要当好服务企业的“店小二”，用好经济恢复和重振“50条”，全力帮助各类企业排忧解难，尽快恢复正常生产经营，推动经济社会尽早重回正常轨道。
",疫情防控;
301,单日核酸检测能力850万管以上,侍佳妮;,2,2022-05-31,1,https://kns.cnki.net/kcms2/article/abstract?v=wgPKIBh6aVmwaDqwbxNAJEg-gVYc96zaV-0XEPH3r9Z-55_cRfEfvjQbv2wFzS7CKqbbYuajfAS4YywCtaCNHL1pi3lj7WfFq1hpSz3u0cEHlA5Wvr7ONCRBW9j3WGD5&uniplatform=NZKPT,"本报讯（记者 侍佳妮）在昨天举行的市新冠肺炎疫情防控工作新闻发布会上，记者获悉，本轮疫情以来，全市核酸检测能力大幅提高，目前全市单日最大检测能力达到850万管以上。本市检测能力可以满足全市复工复产后的核酸检测需求。
全市构建“15分钟核酸采样圈”，已经设置完成约1.5万个点位，其中面向社会公众的约5000个，面向所在小区居民的约4000个，设置在企业、学校、工地等内部场所的对内点位约6000个。“随申办”App首页“核酸采样点”页面中，可查询这些采样点的具体地址、服务时间、忙闲情况，并提供地图导航服务。
除布点之外，市防控办制定了采样辅助人员培训和考核方案，对具备一定医学知识人员开展采样操作规范、院感防控和个人防护的培训，经考核合格后，此类人员可辅助医务人员开展核酸采样工作。目前全市已有5万余人通过了培训考核，充实了采样力量。
5月29日，上海新增6例新冠肺炎本土确诊病例和61例本土无症状感染者。在6例本土确诊病例中，3例在闭环隔离管控中发现，1例在相关风险人群筛查中发现，2例是无症状感染者转归确诊病例。61例本土无症状感染者均在闭环隔离管控中发现。其中，闵行区新增1例在社区筛查中发现的阳性感染者，被诊断为新冠肺炎确诊病例（轻型）。根据本市目前疫情形势和相关规定，经市新冠肺炎疫情防控工作领导小组办公室研究决定，将该感染者居住地闵行区吴泾镇剑川路165号列为中风险地区。
本轮疫情以来，上海市市级医院在全力以赴救治新冠感染者的同时，也竭尽全力保障市民日常医疗服务。当前，本市疫情形势总体稳中向好，在毫不放松疫情防控的前提下，市级医院各类诊疗服务正在逐步有序恢复，包括专病门诊、专家门诊、特需门诊在内的门诊服务“应开尽开”，急诊服务24小时不间断，择期手术也在逐步恢复当中。
上周，35家市级医院的门急诊服务达64万多人次，较上月同期同比增幅为6.6%；出院患者1.45万人次，较上月同期同比增幅为47.9%；住院手术6636例，较上月同期同比增幅为215%左右；互联网诊疗服务5.9万人次，较上月同期同比增幅为16.3%。
",核酸检测; 感染者; 无症状; 检测能力; 诊疗服务; 市级医院; 疫情防控; 确诊病例;
300,恢复小区出入公交运营机动车通行,NA;,2,2022-05-31,2,https://kns.cnki.net/kcms2/article/abstract?v=wgPKIBh6aVns8Xt59Cs9JAZPJDl9UnEPAmE3wbR_yM39debjNJUd2VN8zX3cR92pLeddLhcoKXIrBl7LyVlF3EoRKu4b_PREJmNW7OOFTXICPxU3M2XyabJY8IVYzR9f&uniplatform=NZKPT,"希望广大市民继续做好个人防护，合力筑牢疫情防控坚固屏障，共同守护好我们的城市家园
本报讯 市新冠肺炎疫情防控工作领导小组办公室昨天发布《关于6月1日起全市住宅小区恢复出入公共交通恢复运营机动车恢复通行的通告》。《通告》指出，当前，我市疫情已得到有效控制，形势持续向好。根据我市持续巩固疫情防控成果有序恢复正常生产生活秩序的总体安排，经市新冠肺炎疫情防控工作领导小组办公室研究决定，现就2022年6月1日零时起有序恢复住宅小区出入、公共交通运营和机动车通行等有关事项通告如下：
一、住宅小区恢复出入。除中高风险地区和封控区、管控区外，各区、各街镇及各居村委、业委会、物业公司等，不得以任何理由限制居住本社区的居村民出入。
二、公共交通恢复运营。市域内地面公交、轨道交通全网恢复基本运行，对江轮渡（含三岛客运）有序恢复运行。
三、机动车恢复通行。终止施行机动车电子通行证制度，巡游出租车、网约车恢复正常运行；除中高风险地区和封控区、管控区外，私家车和单位用车正常出行。对驾驶机动车出入市域道口的，按现有规定执行。
希望广大市民继续做好个人防护，牢记“三件套”“五还要”，规范佩戴口罩，保持社交距离，不聚集、不扎堆，加强自我健康监测，出现不适及时就医；同时，主动接种新冠病毒疫苗，自觉遵守核酸检测、扫“场所码”等各项防疫规定，合力筑牢疫情防控的坚固屏障，共同守护好我们的城市家园。
",住宅小区; 公交运营;
291,打通物流堵点，政策扶持要明确细则,顾杰;,2,2022-06-01,1,https://kns.cnki.net/kcms2/article/abstract?v=wgPKIBh6aVns8Xt59Cs9JAZPJDl9UnEPAmE3wbR_yM39debjNJUd2WQPBnlG1-S1BVBCVFySd0qQujWupK2ov6wKFFdC2rrBMlhhmaCwmJGFuJV5zkN2mbyomKCAM-Hy&uniplatform=NZKPT,"“现在我们的客户还是比较着急的。”市政协常委、上海明佳集团总裁赵丽佳告诉记者，其集团旗下经佳文化公司目前运营管理将近130万平方米的产业园区，入驻企业近600家。“企业希望在做好防疫的前提下，尽快开展正常的生产经营活动。”
当前，上海正恢复正常生产秩序。在此过程中，企业还面临哪些亟待解决的堵点问题？该如何解决？记者采访了多位来自企业界的政协委员。
恢复跨省运力
对不少企业来说，物流畅通是开展生产经营的必备前提之一，作为园区运营方负责人，赵丽佳的感受更深刻。前段时间，园区内有一家生产医疗器械的企业，需要外地的上家供货，但由于物流没通，这家企业迟迟拿不到货无法生产，面临违约问题。最后，园区帮忙辗转联系了一家相熟的物流公司，暂时解决了供货问题，但类似原因导致的违约现象，并不在少数。
“目前，上下游产业链供应链的物流渠道还是不够通畅，亟待进一步打通。”疫情期间，市政协委员、上海国金投资有限公司总裁王俊也收到不少企业反馈，跨省运力仍存在堵点，尚待恢复。“市级层面应加强与外省，特别是长三角地区的沟通协调，共同建立保障物流畅通的监督反馈协调机制，保障物资运送通畅。”
增强政策可操作性
随着封控时间延长，停工停产造成的订单因不能按时交货而被取消等问题，令很多企业蒙受损失、资金链紧张。在诸多降低企业经营成本的纾困措施中，减免房屋租金是焦点之一。
今年3月发布的《上海市全力抗疫情助企业促发展的若干政策措施》明确，承租国有房屋从事生产经营活动的小微企业和个体工商户，2022年免除3个月租金，2022年被列为疫情中高风险地区所在的街镇或因落实防疫要求严重影响经营活动的，再免除3个月租金，全年合计免除6个月租金。
如何进一步增强房租减免扶持政策的可操作性？市政协委员、市总商会副会长曹文洁建议，对非国有的各类市场运营主体主动减免承租人部分房租的，明确扶持政策的具体细则。如本次疫情期间主动减免的，除对其按照实际减免金额给予一定比例的财政补贴外，还可允许参照捐赠准予，在计算应纳税所得额时扣除，以激励主动减免的积极性。
在伍爱群等委员看来，助企纾困政策的制定实施应更加注重精准性、直达性、普惠性。企业在获得认定后，无须重复提交申报材料，核对内容无误后，便可享受政策。
有委员认为，随着疫情防控形势变化，企业在疫情期间出现的法律纠纷将在封控措施解除后逐步显现。对此，建议提前编制处理方案，探索解决途径，避免造成短时间内对法院诉讼等司法资源的挤兑。
巢立明等委员建议，在“12348”公共法律服务热线中开辟复工复产法律援助专区，主要负责中小微企业、个体工商户及个人关于疫情和复工复产期间各种法律政策解答及调解申请。与此同时，通过高效处理法律纠纷，尽可能为企业提供纾困救济，挽救受疫情影响的企业。
",政协委员; 经营活动; 政策扶持;
290,上海民营企业结对社区保供显身手,张骏;,1,2022-06-01,1,https://kns.cnki.net/kcms2/article/abstract?v=wgPKIBh6aVma0JXackwpxRKNbI-KPPkjD7O8qAZsERhCdz4m-xbmVCAtSWxPrFWS5Dfha0C-bRctmQhR4SWMMJMXQD9ba4I4caS9kBU9JJuEEipDD_xhIcbEa_ZZU0UK&uniplatform=NZKPT,"在疫情防控分秒必争的关键时刻，针对解决社区抗疫和保供难题，上海民营企业响应号召，挺身而出。
据不完全统计，上海400多家商协会、5459家民营企业，对口222个乡镇街道和园区、1740个封控村居和2934个封控小区，建立了民营企业突击队724支1.72万人，组织发动志愿者11.08万人，协调解决突出问题2927件，捐款捐物合计6.99亿元，其中捐款1.12亿元，用实际行动形成抗击疫情、共克时艰的强大合力。
迅速释放潜能提升保供能力
抗击疫情是一场物质角力，更是一场精神较量。当城市运行速度慢下来，人民群众的日常生活所需却一刻不能停滞。
4月中旬以来，上海各级工商联、商协会和广大民营企业响应市委号召，积极参与基层社区对口保供，形成了民营企业“分区包干、对口保供”的社区支援服务体系。
叮咚买菜、美团、圆通速递等重点平台企业迅速释放潜能，从全国各地调配数以千计的专业人员，参与商品加工和分选工作，重点解决分拣和运力不足问题，投身稳价保供。好药师、叮当快药等企业则推出“团购送到家”和“药品次日达”服务，解决上百个社区居民购药难问题。
为提高全市物流、电商、商超等大型民企的保供能力，市工商联推出外卖骑手招募、社区药品集采、核酸检测点增设等系列专项行动，并倡议“为身边的‘快递骑士’提供住宿空间”。酒店行业、商业地产、办公楼宇迅速响应，多方协调努力下，先后筹措1600多间房间和7000多平方米商业空间，供骑手、物流人员入住。更有企业家筹措物资，深夜探访“小哥”暂居处所，了解实际困难，为保供人员“保供”。
为特殊群体提供保障
610次驰援、3万余公里的爱心足迹，复星集团依托复星基金会，先后启动“社区驰援”“老吾老”“幼吾幼”三个项目，累计为在沪高校和社区等提供各类物资293.9万件。
拼多多、来伊份等企业推出各类保供套餐，全力保障居民的“菜篮子”“米袋子”。位于松江区的来伊份物流中心，自4月初以来始终灯火通明，24小时不断电、不断岗。
上海安徽商会紧急成立“徽骆驼”物资急助平台为老弱纾困。干细胞集团实施“关爱宝宝抗疫不断粮”计划，解决婴幼儿奶粉供应。耶里夏丽为少数民族群众提供清真食品36947份、物资保障包17424份。
跨前一步啃硬骨头
在疫情防控攻坚阶段，上海广大民营企业积极组织突击力量，深入老旧小区、城中村、建筑工地、养老院等重点场所，以志愿者身份参与拔点清面任务。
“疫情是一场战争，我们坚决不做旁观者。”这是上海浙江商会会长王均金常挂在嘴边的一句话。在均瑶集团统筹部署下，浙江商会秘书处迅速成立疫情防控应急工作组，68家会员企业结对支援北蔡61个村居委，为超过3万户家庭和5个养老院先后送去37批约9.2万箱各类生活基本物资和其他紧缺物资。
硬核技术助力社区抗疫
凭借企业专业优势，不少科技型民营企业在社区抗疫战场上持续发力，一个个便捷小程序，一项项新技术火速上线，为提升疫情防控能效、减轻社区防疫压力提供有力支撑。
上海音锋机器人股份有限公司研发的无人车，在降低居民接触感染风险的同时，减轻了社区志愿者的配送压力。上海西井信息科技公司开发出“井井有序”数智社区小程序，涵盖社区出入证、核酸检测叫号及统计、自定义居民通知、抗原结果AI识别上传及统计等功能，不仅减轻一线防疫人员压力，还可通过合理安排避免人群聚集风险。
4月中旬，由波克科技股份有限公司自主研发的“靠普互助”微信小程序迅速出圈，在这个小程序上，街镇授权部分封控时间较长、人员多而需求供给不足的居委会发布需求，打破属地限制，区商会所属企业可进行需求认领。这款小程序上线试运营第一天，即有近百家民营企业登录平台发起援助。
",民营企业; 疫情防控;
296,今起全面恢复正常生产生活秩序,侍佳妮;,2,2022-06-01,2,https://kns.cnki.net/kcms2/article/abstract?v=wgPKIBh6aVns8Xt59Cs9JAZPJDl9UnEPAmE3wbR_yM39debjNJUd2WQPBnlG1-S1556wA0fOT5B_u0_Lr-4n2t89UmsJKxg8dWHdfUStheVmEkamn753sOawwavDypU7&uniplatform=NZKPT,"除中高风险地区和封控区、管控区外，各区、各街镇及各居村委、业委会、物业公司等，不得以任何理由限制居住本社区的居村民出入。对于非居住在本社区的，除了规范佩戴口罩，配合测温，扫码、亮码外，还应提供72小时内核酸检测阴性证明
自6月1日起，公立医疗机构开展的核酸单样本检测价格由25元下调至16元，多样本混合检测价格由每人份5元下调至3.5元，抗原检测价格由15元下调至6元。本市常态化核酸检测点的检测服务免费至6月30日
本报讯（记者 侍佳妮）昨天举行的市新冠肺炎疫情防控工作新闻发布会上，上海市副市长宗明介绍，6月1日起全面恢复全市正常生产生活秩序，全面实施疫情防控常态化管理，并明确各项措施。
关于社会面管控，实行常态化分级分类管理。若报告新增阳性感染者，按照国家风险区域划分有关标准，划定疫情中高风险地区，并严格实施相应管控措施。如果目前仍处于封控区，继续实行“区域封闭、足不出户、服务上门”，若封控区7天无新增阳性感染者降为管控区，管控区“人不出小区、严禁聚集”，连续3天无新增阳性感染者降为防范区，住宅小区恢复出入。除中高风险地区和封控区、管控区外，各区、各街镇及各居村委、业委会、物业公司等，不得以任何理由限制居住本社区的居村民出入。此外，对于非居住在本社区的，除了规范佩戴口罩，配合测温，扫码、亮码外，还应提供72小时内核酸检测阴性证明，符合条件的可以进入社区。
关于监测预警，依托检测哨、电子哨、抽检哨、监测哨、流调哨等，建立健全便捷灵敏的发现机制，通过“核酸+抗原、场所码+数字哨兵、发热门诊+药店监测”等，第一时间发现风险人员。进入有明确防疫要求的公共场所和搭乘公共交通工具的人员，须持72小时内核酸检测阴性证明。学校、企业等单位，要切实落实发热零报告制度，加强人员健康监测，发现异常症状人员，及时送医排查。
关于交通组织，市域交通，6月1日起，市内地面公交、轨道交通全网恢复基本运行，对江轮渡（含三岛客运）有序恢复运行。终止施行机动车电子通行证制度，巡游出租车、网约车恢复正常运行。除中高风险地区和封控区、管控区外，私家车和单位用车正常出行。对驾驶机动车出入市域道口的，继续执行核酸阴性证明查验等措施。对外交通，6月1日起，基本恢复铁路正常运行和旅客进出站。择期在陆路离沪、入沪通道解除现有防疫管控措施。省际道路客运采取“一线一方案”，协商恢复。水路省际客运视情恢复。航空逐步恢复国内航班执飞我市，调整相关航司执飞上海航班的客座率。
关于复商复市，购物中心、超市卖场、便利店、药店等商业网点有序恢复线下营业，6月1日起，客流总量不超过最大承载量的75%，鼓励有条件的企业开展线上预约。农贸市场有序恢复。沐浴、美容服务采取预约、限流等方式恢复经营。邮政快递有序恢复处理中心和营业网点，逐步全面恢复个人寄递服务。家政、家电维修服务逐步恢复经营。各类文旅、体育场所有序恢复，6月1日起，室外类型的A级旅游景区逐步有序开放，落实“错峰、预约、限流”等措施，客流总量不超过景区最大承载量的75%。各类影剧院、文博场所、健身房等密闭场所暂缓开放，后续视情调整。公园实行限流、错峰有序开放。
关于复工复产复学，6月1日起，在做好防疫管理的前提下，加快企业、园区、楼宇等全面复工复产。无疫情风险区域内企业与小区间正常通行，有疫情风险的企业继续按照相关规定进行居家办公或点对点通行。分阶段复学复课，优先安排高三、高二、初三年级学生复学。中小学其他各年级继续开展线上教学至本学期末。幼儿园、托儿所、托育机构等不安排幼儿返园。
关于公共服务，6月1日起，在严格落实各项防控措施的前提下，政务服务窗口有序开放。党政机关、事业单位除居住在中高风险地区和封控区、管控区人员外，正常返岗上班。
5月30日，上海新增9例新冠肺炎本土确诊病例，新增22例本土无症状感染者。黄浦区打浦桥街道顺昌路612弄20号由中风险地区调整为低风险地区。至此上海共有6个中风险地区。
为适应新冠肺炎疫情防控形势变化，满足常态化疫情防控下居民核酸检测和抗原检测需求，降低疫情防控和社会运行成本，保护人民群众生命健康，本市自6月1日起，将公立医疗机构开展的核酸单样本检测价格由25元下调至16元，多样本混合检测价格由每人份5元下调至3.5元，抗原检测价格由15元下调至6元。本市常态化核酸检测点的检测服务免费至6月30日。
",核酸检测; 管控措施; 限制居住; 公立医疗; 疫情防控; 疫情风险; 业委会; 客流总量; 最大承载量; 物业公司; 正常生产;
295,致全市人民的感谢信,NA;,1,2022-06-01,83,https://kns.cnki.net/kcms2/article/abstract?v=wgPKIBh6aVns8Xt59Cs9JAZPJDl9UnEPAmE3wbR_yM39debjNJUd2WQPBnlG1-S1FSJ0J85WpPERQXoJEGLXFP1Jk3ZzX3jvi6GoJ2zmNoK8CcsYHyC1r6jkrvDB3Itb&uniplatform=NZKPT,"亲爱的市民朋友们：
在以习近平同志为核心的党中央坚强领导下，经过两个多月的持续奋战，艰苦卓绝的大上海保卫战取得了重大阶段性成果，今天起上海进入全面恢复正常生产生活秩序阶段。
这是一个大家期盼已久的时刻。我们要真诚地感谢广大医务人员、疾控人员、基层干部、社区工作者、下沉干部、志愿者、公安民警、城市保供服务人员、新闻工作者等在抗疫一线的日夜拼搏!感谢国家各相关部门、各兄弟省区市和人民军队对上海的倾力驰援!尤其要感谢全体上海市民的支持和付出!
这是一段刻骨铭心的日子。因为疫情的冲击，上海这座超大城市前所未有地静了下来。受长时间封控影响，许多市民在工作、生活等方面遭遇了困难和不便，对此我们与大家一样揪心不已。
面对前所未有的挑战，我们从未动摇战胜疫情的信心和决心。这种信心和决心，来自于以习近平同志为核心的党中央的坚强领导，来自于广大一线工作者的顽强坚守，更来自于为这座城市默默付出的每一位市民。
这轮疫情发生以来，全市上下众志成城、迎难而上，广大市民团结一心、同舟共济，大家以不同的方式大力配合、积极参与疫情防控各项工作。一次次守望相助，展现了基层智慧，增进了邻里情谊，汇聚起共克时艰的合力。许多市民主动投身志愿服务，不辞辛劳、不惧风险，承担了看似琐碎而又不可或缺的大量工作，用一道道微光汇聚成希望的光芒。
正是从大家的坚忍和奉献中，我们看到了市民对这座城市的深沉大爱，看到了上海这座城市的精神和品格，更看到了战胜困难、走向胜利的希望和力量。历史会记住为这座城市坚守和付出的所有人!
当前，巩固疫情防控成果依然不容丝毫松懈，加快经济社会恢复的任务也日益迫切。“疫情要防住、经济要稳住、发展要安全”，需要广大市民继续给予理解支持与配合，一起贡献才智、贡献力量。
我们将全力推动正常生产生活秩序的全面恢复，尽最大努力把疫情耽误的时间、造成的损失抢回来。目前，加快经济恢复和重振的50条措施已经制定出台，为民解忧、助企纾困的各项举措正在陆续实施，公交、医疗等各项公共服务也将逐步恢复正常。我们将对老年人、儿童、孕妇等特殊群体倾注更多关爱，对老旧小区、城中村、农贸市场等加快改造提升。各级党委政府的工作都将更加注重回应好市民群众和市场主体的关切，出台各项措施都将更加注重倾听基层一线的意见、释放清晰明确的信号、体现积极正面的导向。
我们将更加坚定地弘扬“海纳百川、追求卓越、开明睿智、大气谦和”的城市精神和“开放、创新、包容”的城市品格，坚定打造更具韧性、更加安全、更富吸引力的发展环境，坚定打造鼓励创新、宜居宜业、开放包容的创业生活环境。上海是我们共同的城市家园，我们将加倍努力，给予大家更多相信上海、扎根上海、热爱上海的理由。
我们坚信，在以习近平同志为核心的党中央坚强领导下，全市上下心往一处想、劲往一处使，重整行装、勇毅前行，我们必将迎来大上海保卫战的全面胜利，上海这座城市必将重现繁华活力，迈向更加美好的未来!
中共上海市委
上海市人民政府
2022年6月1日
",疫情防控; 习近平; 党中央; 保卫战;
294,长三角一家人,陈抒怡;,7,2022-06-01,10,https://kns.cnki.net/kcms2/article/abstract?v=wgPKIBh6aVns8Xt59Cs9JAZPJDl9UnEPAmE3wbR_yM39debjNJUd2WQPBnlG1-S1Sa266rFjxFqAcqDSPUgBuVB3uxDOoxt7Rx1wBRDnhLrvWXObzjWwWOgP-B-eaWOW&uniplatform=NZKPT,"本轮疫情中，有杭州的消费者注意到，常去的面包店里某款产品暂停供应，因为面包店的原料仓设在上海。几乎在同一时间，苏州东山的茶农发现，到东山旅游的外地游客减少，茶叶销量不及往年。一城抱恙，整个长三角同此凉热，让人不得不感叹，长三角一体化的脉络已如此之深。
不知不觉间，长三角的产业及经济社会活动早已同频共振。同一个产业，很可能融资在上海，研发在苏州，营销在杭州，生产在安徽，上下游产业链在长三角得以高速运转。但在近两个月，长三角“龙头”上海遭遇了严峻的疫情冲击，长三角一体化之间的这些循环也不得不被迫减速。
所幸，危机之下，长三角之间的一些合作并没有因此停止，反而愈发紧密。上海克服重重困难，保证了事关长三角血脉流通的城市核心功能正常运转，苏浙皖三省在医疗救治、物资保供、产业保链等方面通力协作、共同守“沪”，与此同时，一些连接长三角的市场、社会力量也在此过程中腾挪、成长，顽强而生机勃勃。
疾风知劲草，烈火见真金。疫情中的真情实意，温暖了彼此，也赋予了力量。当疫情消散后，经受住考验的长三角，想必会变得更加紧密。
家人般的温暖
安徽涡阳距离上海超过600公里，开车需要多长时间？对这个问题安徽亳州市援沪医疗队有发言权，队员马云飞记得，3月31日早晨6点，在涡阳吃过早饭出发，一路飞驰，下午2点半才抵达上海。路途遥远，这支医疗队却需频繁往来，4月7日一早，马云飞的队友、也是他的未婚妻刘秀芳身体不适有些晕车，不得不吐在被防护服紧紧包住的口罩里，清理过后，刘秀芳依然坚持完成了当天在嘉定的核酸采样任务……这样的故事，几乎每个苏浙皖援沪医疗队都能讲出很多。
疫情发生后，苏浙皖三省援沪医疗队第一时间抵沪开展工作，尽最大努力、集最优资源支持上海抗疫。截至5月15日，苏浙皖等省市约有2.5万名采样队员开展核酸筛查工作。在此期间，上海全市累计筛查了4.3亿人次，其中近四成的采样量由援沪采样队员们承担。很多采样人员经常是凌晨从当地出发，在经过数小时的舟车劳顿之后顾不上休息，就立即投入到采样工作中。
与上海人民勠力同心、并肩作战的动力有一部分来自于“长三角是一家人”的情感认同。“长三角是一家人，上海需要帮忙，我们立刻集结，没有二话。”安徽援沪医疗队成员、安徽省合肥市淝河镇社区卫生服务中心护士胡洁这样说。
“长三角是一家人”并不是一句口号。此前，胡洁没有到过上海，但在采样小区里，她很快遇到了一些在上海的合肥老乡，有位大哥操着合肥话告诉胡洁，他已经在上海工作生活了十多年。老乡见面，分外亲切，当得知援沪医疗队当天就要赶回去，大哥急着说要给他们送食物，被胡洁婉言谢绝。虽然来沪支援来去匆匆，但胡洁总是能感受到家人般的温暖。
在医疗队白衣执甲、逆行出征的同时，苏浙皖也成为上海抗疫的“大后方”。一方面，苏浙皖三省为上海提供人员隔离场所，并积极组织医务人员承担方舱医院医疗队任务，另一方面，苏浙皖各城市为上海保障民生物资供应，打通供应链渠道，利用铁路水路公路不间断向上海输送物资。在沪苏、沪浙省界上，还有隔着省界的隔壁村民帮上海邻居“跑腿”采购农资，支援民生物资。
在援沪物资中，有一些特别的物资，数量虽不算多，却情深义重。4月17日夜晚，由宁波市慈善总会捐赠的2946份蔬菜包陆续分发到上海闵行区新虹街道的居民手上。在这批蔬菜中，有140瓶自制的油焖笋，制作油焖笋的老人是宁波奉化的退休教师毛佰钧。毛佰钧从小在上海读书生活，1962年跟随父亲从上海到宁波奉化的溪口界岭村。“今年是我离开上海的第60个年头，我对上海有着深刻的感情。疫情发生以后，我很想为上海人民出一份力，回报曾经养育我的地方。”毛佰钧说。
4月初，安徽宣城市旌德县庙首镇新水村农民王春民捐赠了2吨大米。“一方有难、八方支援。”王春民接受记者电话采访时，反复用旌德话念叨着这一句话。他告诉记者，这两吨大米都是自家种的，希望能够通过这种方式，为上海的抗疫工作出点力，也让上海市民和防疫工作人员品尝一下旌德大米的味道。村里传来消息，王春民朴实的举动，影响了周围很多人，大家都希望能够通过汇聚点滴爱心，为上海的疫情防控贡献一份力量。
上海在打这一场前所未有的抗疫硬仗时，并不孤单。
危机下的“进化”
这个春天，长三角地区多个行业的产业链供应链，经历了有史以来最严酷的考验。疫情影响下，尤其是汽车产业一度几近“熄火”。上海是汽车产业重镇，汽车产业链长，生产协同要求高，因此核心生产和物流基地的停产辐射范围巨大。随着大批整车厂和配套零部件生产企业的陆续停产，悲观情绪在汽车行业内蔓延。受到类似威胁的还有集成电路等产业链。上海集成电路产业规模占全国的1/4，整个长三角产业链又高度协同，一旦停摆，势必会对下游产生成倍的负面影响。
对此，苏浙皖三省有关方面组建工作专班，积极对接上海重点企业提出的配套供应诉求，全力协调产业链上下游企业生产、供应对接，畅通核心零部件、关键原材料的跨省市运输，支持上海重点企业生产。比如，江苏泰州支持上汽集团、特斯拉公司在当地的多家相关供应链企业复工复产并协助办理运输通行证，便利两地间汽车零部件运输；还有，浙江省内新能源汽车供应商在政府指导协助下密切联动、保证生产、打通物流，全力支持上海整车制造；另外，上海市安徽商会成立“保安全 促复产”领导小组，全面协助服务沪上皖籍企业按照上海市委、市政府安排做好有序复工复产准备。
面对危机，迅速补上短板的做法更像是一种进化。
一种新的运输模式就这样在长三角进化而生。5月5日下午2时，一辆装载着6000件汽车零部件的大型货车驶入上海嘉定安亭中转站，在完成例行消杀之后，物资被搬运至消杀区全面消杀及静置，下午4时，货物装车后驶离中转站，快速开往宁波。嘉定安亭中转站是长三角重要物资应急保供中转站之一，该中转站主要供货江苏、浙江，解决汽车零部件物流供给不畅的问题。从4月开始，类似的多个长三角重要物资应急保供中转站陆续开出，只换车头不换车厢，外地司机不进沪，以“无接触”模式助保供货物畅通浙沪。
这种进化来自于顶层设计。疫情之下，上海、南京、杭州、宁波、合肥5家长三角地区海关发布联合通告，全力保障长三角地区产业链供应链安全畅通，统筹保障疫情期间长三角重点企业经上海口岸进出境货物实现快速通关，全力支持复工复产。统筹长三角地区产业链供应链重点企业名单，实现“白名单”企业五海关互认，建立统一的绿色通道，实现通关手续从快从简。强化进出境口岸、申报地及目的地海关间的联系配合，确保“一次申报、一次查验、一次放行”。
这种进化也来自于基层创新。为应对公路运输受阻的压力，中远海运、中国铁路上海局积极行动起来，增加水水中转、海铁联运比重，保证物流链“主动脉”畅通。其中，铁路运输不仅缓解了公路运输压力，还实现了区域联动。5月1日至21日，长三角铁路日均卸车达17507车，同比增长19.2%。
进化之下，长三角的产业链齿轮重新咬合、转动。
蔬菜团购的启示
在长三角，总不乏这样的故事：在遭遇困难时，能够创造新条件，发现新契机，找到迂回的解题方法，在各种不确定性中寻找确定性，这也是一个地区经济韧性的体现。
这种腾挪有时候来自生活中的灵光一现。4月下旬，在位于苏州市相城区的苏州星华实业有限公司的工厂内，一辆大型卡车停在库房，工作人员正往车上装运各种货物。这一天，许多小型货车也驶入厂内，工作人员把小车上的货物清点后装至大卡车上。全部装载完毕后，大车将货物运至物流公司在外市的中转站进行集中消杀，随后立刻启程送往上海三立汇众汽车零部件有限公司。
这些小型货车来自不同的苏州企业。疫情期间，虽然三立汇众处于封闭生产，依然有不少订单，但总体数量锐减，加上苏州地区疫情防控政策十分严格，导致物流运输成本提高。为了解决上游供应的问题，三立汇众采购部部长赖颖彪想到小区里的蔬菜团购可以分摊运输费用。在蔬菜团购的启发下，赖颖彪和企业商量，以他们工厂为转运点，安排周围5家企业都把货集中起来，再一起发往上海。大家制定了运输费分摊的办法：原则上供货方按照供货比例负担运费，一些供货较少的企业可免交运费，由三立汇众给予一些补贴。如此一来，不仅小企业得以出货盈利，大企业也大幅减少了运输成本，而三立汇众也借此疏通了苏州地区的供货渠道。
蔬菜团购也给了另外一种启示，供需双方可以直接对接，精准匹配。在苏州，这样一种直接对接的供需模式出现在疫情危机中。4月下旬，苏州市工业和信息化局对外宣布“苏链通”平台经测试后上线，该平台由苏州电信技术支持，能够快速为企业对接最适配的本地供应商，解决区域内制造业企业原配件、辅材等需求对接和供应问题，减轻疫情对企业的影响。目前，“苏链通”平台累计访问量超过3000次，注册用户超6000个，发布供需信息接近2万条，协助形成供需对接意向超万次。到5月22日，在“苏链通”平台的助力下，苏州12487家规上工业企业已全部恢复正常生产，其中达产率80%以上的企业占比为84.3%。
按照苏州市工信局的计划，疫情下诞生的“苏链通”将有望长期运营。“如果能做成一个覆盖长三角的平台，会是一个很有意义的事情。”有业内人士提出这样一个设想。
建设一个覆盖长三角的产业链合作机制或许并非只是一种设想。在最近发布的《上海市加快经济恢复和重振行动方案》中，重点提出“建立长三角产业链供应链互保机制”，该方案提到，支持汽车、集成电路、生物医药等制造业企业以点带链，实现产业链供应链上下游企业协同复工，稳步提高企业达产率……建立长三角产业链供应链互保机制，共同保供强链。
疫情，是一场危机，但换个角度看，危机背后往往蕴藏着更重大的机遇。作为我国经济发展最活跃、开放程度最高、创新能力最强的区域之一，长三角已经是一个休戚与共的命运共同体，这片区域有实力有能力扛过危机，而经过锤炼的长三角更值得期待。
",长三角地区; 产业链; 供应链; 长三角一体化; 医疗队;
293,让如常生活回归，让经济恢复重振,孟群舒;,1,2022-06-01,2,https://kns.cnki.net/kcms2/article/abstract?v=wgPKIBh6aVns8Xt59Cs9JAZPJDl9UnEPAmE3wbR_yM39debjNJUd2WQPBnlG1-S1BmvYsSFtT0G5Hq8JQqQm5pE3xsdgO3Fs7sWw4zdVQ5qFUegaqAB9yECHS3HDfU8A&uniplatform=NZKPT,"本报讯（记者 孟群舒）市委副书记、市长龚正昨天来到居民小区、街面、大型商超和办公楼宇，检查恢复生产生活秩序准备情况。龚正指出，要深入贯彻落实习近平总书记重要讲话和指示批示精神，按照市委、市政府部署要求，抓紧抓实抓细疫情防控常态化管理，全面恢复全市正常生产生活秩序，以细致周密的工作和扎实有效的举措，让如常的生活平稳回归，让上海经济恢复重振。
下午，龚正一行来到长宁区上航新村居民区，实地察看无疫小区管理情况，了解居民区开展环境清洁和预防性消杀举措，叮嘱继续把社区作为疫情防控第一线，既要落实好“应放尽放”，又要做好各项日常防疫要求。在徐家汇商圈，市领导详细询问商圈恢复线下营业时间安排，并沿着天钥桥路步行察看。市民们在老字号熟食店外保持间隔、排队选购，更多临街店铺正在做开业准备。世纪联华黄浦新苑店已恢复营业数日，大卖场备足了各色商品，强化员工健康监测和门店清洁消毒工作。龚正走进大卖场察看，要求各类商业网点规范部署场所码、“数字哨兵”，严格落实扫码入场措施，管控好聚集性风险。市领导还来到黄浦区新茂大厦，深入了解办公楼租户复工计划以及大厦常态化疫情防控预案，要求商务楼宇落实各项防控要求，做好应急预案，创建无疫楼宇、打造亿元楼宇，实现疫情防控和经济发展“两手抓”“两手赢”。
龚正指出，上海将从6月1日起进入全面恢复全市正常生产生活秩序阶段，要针对常态化疫情防控新特点，进一步提高防控水平和治理能力。要有效管控疫情反弹风险，健全便捷灵敏的发现机制、及时高效的处突机制、动态调整的管控机制、自觉自律的自我健康管理机制，持续创新方法、优化措施，全力提高疫情应急处置效率。要抓紧完善常态化管理预案，做到组织机制到位、基础工作到位、基层力量到位、应急预案到位。要加强防疫科普教育，倡导市民做好个人防护，自觉遵守防疫规定，共同守护来之不易的疫情防控成果。
副市长刘多参加调研。
",疫情防控; 大卖场;
292,更高效统筹疫情防控和经济社会发展,NA;,1,2022-06-01,6,https://kns.cnki.net/kcms2/article/abstract?v=wgPKIBh6aVns8Xt59Cs9JAZPJDl9UnEPAmE3wbR_yM39debjNJUd2WQPBnlG1-S12Q-vMn-NbnPy-mvh97PMN29RauA5IRBof-lhw7WA8TzpNY_KqF8xloDZhSjG7ITN&uniplatform=NZKPT,"要坚决克服侥幸松劲，保持高度警醒警惕，市区两级应急指挥体系要随时保持激活状态，确保第一时间启动响应
层层压实责任、层层传导压力，各区、各街镇、各居村要不折不扣把明确的要求措施执行到位
提高个人防护意识和能力，让打疫苗、做核酸、戴口罩、常洗手、勤扫码、多消毒成为自觉行动
本报讯 连日来，市委、市政府每天晚上召开市新冠肺炎疫情防控工作例会，就做好常态化疫情防控重点工作、加快推动正常生产生活秩序全面恢复进行再部署再压实。市委书记、市疫情防控工作领导小组组长李强在昨晚召开的市疫情防控工作例会上强调，要深入贯彻落实习近平总书记重要讲话和指示批示精神，毫不动摇坚持“动态清零”总方针，按照“疫情要防住、经济要稳住、发展要安全”的要求，加快优化指挥运行体系、完善常态化防控机制，更加高效统筹疫情防控和经济社会发展，奋力夺取大上海保卫战的全面胜利。
市委副书记、市长、市疫情防控工作领导小组组长龚正在会上作工作部署。市人大常委会主任蒋卓庆、市政协主席董云虎、市委副书记诸葛宇杰出席会议。
会议指出，在以习近平同志为核心的党中央坚强领导下，在全国各相关部门、兄弟省区市和人民军队的大力支持下，全市上下团结一心、连续奋战，取得了大上海保卫战的重大阶段性成果。随着疫情防控转入常态化防控阶段，要坚决克服侥幸松劲，保持高度警醒警惕，市区两级应急指挥体系要随时保持激活状态，确保第一时间启动响应，做到统一调度、信息共享、高效指挥。要层层压实责任、层层传导压力，各区、各街镇、各居村要不折不扣把明确的要求措施执行到位。要把重要基础性工作抓得更牢，强化底数排摸到位、信息集成应用，推动全量数据共享、业务流程优化，提高常态化疫情防控的工作效率，推动防控措施形成闭环、应急处置科学高效，更好掌握工作主动。要结合实战实践，全面优化常态化核酸采样点布局和检测能力匹配，持续加强人员培训、质量管理和现场秩序维护，提升效率、确保安全。要强化疫情防控“四方责任”，提高个人防护意识和能力，通过广泛的宣传引导和知识普及，让打疫苗、做核酸、戴口罩、常洗手、勤扫码、多消毒成为自觉行动，推动形成健康生活方式。要以无疫小区、无疫单位、无疫场所创建为抓手，发动群众守护家园，形成责任共同体。
相关市领导出席会议。
",经济社会发展; 常态化; 疫情防控; 戴口罩;
